,pupil,movie,l1,l2,l3,subject,condition,effort,luminance,pupil_pred_mixed,pupil_pred_pp,pupil_pred_mov
0,2.557121184998833,1-2,55.41833750372942,48.64522413686117,141.25915477096194,s1,1back,1,55.41833750372942,2.8401348359335152,2.710796765049926,4.0824807185973
1,2.9829413008997783,1-3,36.828353537551436,39.6695070350647,108.07875929327417,s1,0back,0,36.828353537551436,3.1691825917585383,2.710796765049926,4.609761548861282
2,2.567776970255795,2-1,74.01818114056069,53.20677639770508,139.8051980036651,s1,2back,2,74.01818114056069,2.5109125612650365,2.710796765049926,3.9491905227873
3,2.9748502527529923,2-2,64.57727469534466,51.065085013071695,133.38560964628346,s1,0back,0,64.57727469534466,2.6780191647136578,2.710796765049926,3.979204920420492
4,2.6448536941941216,3-1,50.6300187818287,44.845075542958575,124.98794760054977,s1,1back,1,50.6300187818287,2.924889375393202,2.710796765049926,4.223932872369904
5,2.5372371871980355,3-2,68.74304729456018,51.68995800425212,147.39625203742287,s1,2back,2,68.74304729456018,2.6042838603937017,2.710796765049926,3.952533694160394
6,3.454848276952317,1-2,55.41833750372942,48.64522413686117,141.25915477096194,s10,2back,2,55.41833750372942,3.5988423254080795,3.512908874474329,4.0824807185973
7,4.4560170605033615,1-3,36.828353537551436,39.6695070350647,108.07875929327417,s10,2back,2,36.828353537551436,3.9278900812331026,3.512908874474329,4.609761548861282
8,3.372569752485597,2-1,74.01818114056069,53.20677639770508,139.8051980036651,s10,1back,1,74.01818114056069,3.2696200507396007,3.512908874474329,3.9491905227873
9,3.482768335291044,2-2,64.57727469534466,51.065085013071695,133.38560964628346,s10,0back,0,64.57727469534466,3.436726654188222,3.512908874474329,3.979204920420492
10,3.2785475755829876,3-1,50.6300187818287,44.845075542958575,124.98794760054977,s10,1back,1,50.6300187818287,3.6835968648677664,3.512908874474329,4.223932872369904
11,3.0327022460306656,3-2,68.74304729456018,51.68995800425212,147.39625203742287,s10,0back,0,68.74304729456018,3.362991349868266,3.512908874474329,3.952533694160394
12,3.8021807825783274,1-2,55.41833750372942,48.64522413686117,141.25915477096194,s11,2back,2,55.41833750372942,3.600922711212597,3.5151082763113095,4.0824807185973
13,3.8419712405785638,1-3,36.828353537551436,39.6695070350647,108.07875929327417,s11,0back,0,36.828353537551436,3.92997046703762,3.5151082763113095,4.609761548861282
14,3.535544629206116,2-1,74.01818114056069,53.20677639770508,139.8051980036651,s11,1back,1,74.01818114056069,3.2717004365441182,3.5151082763113095,3.9491905227873
15,3.3729423980639903,2-2,64.57727469534466,51.065085013071695,133.38560964628346,s11,2back,2,64.57727469534466,3.4388070399927395,3.5151082763113095,3.979204920420492
16,3.3638611331770196,3-1,50.6300187818287,44.845075542958575,124.98794760054977,s11,1back,1,50.6300187818287,3.685677250672284,3.5151082763113095,4.223932872369904
17,3.1741494742638396,3-2,68.74304729456018,51.68995800425212,147.39625203742287,s11,0back,0,68.74304729456018,3.3650717356727835,3.5151082763113095,3.952533694160394
18,3.4786111965594078,1-2,55.41833750372942,48.64522413686117,141.25915477096194,s12,0back,0,55.41833750372942,3.9693408134419745,3.9046030753332572,4.0824807185973
19,4.7948387930708805,1-3,36.828353537551436,39.6695070350647,108.07875929327417,s12,2back,2,36.828353537551436,4.298388569266997,3.9046030753332572,4.609761548861282
20,3.718648434680135,2-1,74.01818114056069,53.20677639770508,139.8051980036651,s12,1back,1,74.01818114056069,3.640118538773496,3.9046030753332572,3.9491905227873
21,3.4620406388029514,2-2,64.57727469534466,51.065085013071695,133.38560964628346,s12,0back,0,64.57727469534466,3.807225142222117,3.9046030753332572,3.979204920420492
22,4.373900679301876,3-1,50.6300187818287,44.845075542958575,124.98794760054977,s12,2back,2,50.6300187818287,4.054095352901662,3.9046030753332572,4.223932872369904
23,3.599578709584292,3-2,68.74304729456018,51.68995800425212,147.39625203742287,s12,1back,1,68.74304729456018,3.733489837902161,3.9046030753332572,3.952533694160394
24,3.9508795443595477,1-2,55.41833750372942,48.64522413686117,141.25915477096194,s13,0back,0,55.41833750372942,4.354801878870757,4.312115842218135,4.0824807185973
25,5.0708319898083225,1-3,36.828353537551436,39.6695070350647,108.07875929327417,s13,2back,2,36.828353537551436,4.68384963469578,4.312115842218135,4.609761548861282
26,3.7766242006795685,2-1,74.01818114056069,53.20677639770508,139.8051980036651,s13,1back,1,74.01818114056069,4.025579604202278,4.312115842218135,3.9491905227873
27,4.286845585985732,2-2,64.57727469534466,51.065085013071695,133.38560964628346,s13,1back,1,64.57727469534466,4.192686207650899,4.312115842218135,3.979204920420492
28,4.513504454360774,3-1,50.6300187818287,44.845075542958575,124.98794760054977,s13,0back,0,50.6300187818287,4.439556418330444,4.312115842218135,4.223932872369904
29,4.27400927811486,3-2,68.74304729456018,51.68995800425212,147.39625203742287,s13,2back,2,68.74304729456018,4.118950903330943,4.312115842218135,3.952533694160394
30,4.82024763539942,1-2,55.41833750372942,48.64522413686117,141.25915477096194,s14,0back,0,55.41833750372942,4.809046950722097,4.8361779905472115,4.0824807185973
31,5.287361432453665,1-3,36.828353537551436,39.6695070350647,108.07875929327417,s14,1back,1,36.828353537551436,5.13809470654712,4.8361779905472115,4.609761548861282
32,4.8701217659914215,2-1,74.01818114056069,53.20677639770508,139.8051980036651,s14,2back,2,74.01818114056069,4.479824676053618,4.8361779905472115,3.9491905227873
33,4.240216494316035,2-2,64.57727469534466,51.065085013071695,133.38560964628346,s14,0back,0,64.57727469534466,4.6469312795022395,4.8361779905472115,3.979204920420492
34,4.962942624575517,3-1,50.6300187818287,44.845075542958575,124.98794760054977,s14,1back,1,50.6300187818287,4.893801490181784,4.8361779905472115,4.223932872369904
35,4.30829305357246,1-2,55.41833750372942,48.64522413686117,141.25915477096194,s15,0back,0,55.41833750372942,4.432784878523997,4.39456014284633,4.0824807185973
36,5.560928385327717,1-3,36.828353537551436,39.6695070350647,108.07875929327417,s15,2back,2,36.828353537551436,4.7618326343490205,4.39456014284633,4.609761548861282
37,3.717344915503799,2-1,74.01818114056069,53.20677639770508,139.8051980036651,s15,0back,0,74.01818114056069,4.103562603855519,4.39456014284633,3.9491905227873
38,4.049726748859924,2-2,64.57727469534466,51.065085013071695,133.38560964628346,s15,1back,1,64.57727469534466,4.27066920730414,4.39456014284633,3.979204920420492
39,4.232476814724854,3-1,50.6300187818287,44.845075542958575,124.98794760054977,s15,1back,1,50.6300187818287,4.517539417983684,4.39456014284633,4.223932872369904
40,4.4985909390892225,3-2,68.74304729456018,51.68995800425212,147.39625203742287,s15,2back,2,68.74304729456018,4.196933902984184,4.39456014284633,3.952533694160394
41,3.4032909822315944,1-2,55.41833750372942,48.64522413686117,141.25915477096194,s16,2back,2,55.41833750372942,3.6238264115228986,3.5393222660562134,4.0824807185973
42,4.221936119468574,1-3,36.828353537551436,39.6695070350647,108.07875929327417,s16,1back,1,36.828353537551436,3.9528741673479217,3.5393222660562134,4.609761548861282
43,3.345911802140503,2-1,74.01818114056069,53.20677639770508,139.8051980036651,s16,0back,0,74.01818114056069,3.29460413685442,3.5393222660562134,3.9491905227873
44,3.3666563408334538,2-2,64.57727469534466,51.065085013071695,133.38560964628346,s16,1back,1,64.57727469534466,3.461710740303041,3.5393222660562134,3.979204920420492
45,3.745471829640755,3-1,50.6300187818287,44.845075542958575,124.98794760054977,s16,2back,2,50.6300187818287,3.7085809509825856,3.5393222660562134,4.223932872369904
46,3.1526665220224,3-2,68.74304729456018,51.68995800425212,147.39625203742287,s16,0back,0,68.74304729456018,3.387975435983085,3.5393222660562134,3.952533694160394
47,3.858067151887527,1-2,55.41833750372942,48.64522413686117,141.25915477096194,s17,2back,2,55.41833750372942,3.8212839160942997,3.7480760449639887,4.0824807185973
48,3.787422217016284,1-3,36.828353537551436,39.6695070350647,108.07875929327417,s17,1back,1,36.828353537551436,4.150331671919322,3.7480760449639887,4.609761548861282
49,3.689547497795286,2-1,74.01818114056069,53.20677639770508,139.8051980036651,s17,0back,0,74.01818114056069,3.492061641425821,3.7480760449639887,3.9491905227873
50,3.6993734493699604,2-2,64.57727469534466,51.065085013071695,133.38560964628346,s17,1back,1,64.57727469534466,3.6591682448744423,3.7480760449639887,3.979204920420492
51,3.574175666766764,3-1,50.6300187818287,44.845075542958575,124.98794760054977,s17,0back,0,50.6300187818287,3.9060384555539867,3.7480760449639887,4.223932872369904
52,3.8798702869481088,3-2,68.74304729456018,51.68995800425212,147.39625203742287,s17,2back,2,68.74304729456018,3.5854329405544862,3.7480760449639887,3.952533694160394
53,4.405769700308344,1-2,55.41833750372942,48.64522413686117,141.25915477096194,s18,0back,0,55.41833750372942,4.82125658523941,4.805255785696769,4.0824807185973
54,5.294687260135594,1-3,36.828353537551436,39.6695070350647,108.07875929327417,s18,0back,0,36.828353537551436,5.150304341064433,4.805255785696769,4.609761548861282
55,4.687154553352077,2-1,74.01818114056069,53.20677639770508,139.8051980036651,s18,2back,2,74.01818114056069,4.492034310570931,4.805255785696769,3.9491905227873
56,4.851345369125707,2-2,64.57727469534466,51.065085013071695,133.38560964628346,s18,1back,1,64.57727469534466,4.659140914019552,4.805255785696769,3.979204920420492
57,4.6493045704016485,3-1,50.6300187818287,44.845075542958575,124.98794760054977,s18,1back,1,50.6300187818287,4.906011124699097,4.805255785696769,4.223932872369904
58,4.943273260857244,3-2,68.74304729456018,51.68995800425212,147.39625203742287,s18,2back,2,68.74304729456018,4.585405609699596,4.805255785696769,3.952533694160394
59,5.027372246580555,1-2,55.41833750372942,48.64522413686117,141.25915477096194,s19,0back,0,55.41833750372942,4.857975557299205,4.844075400032163,4.0824807185973
60,5.087510778848996,1-3,36.828353537551436,39.6695070350647,108.07875929327417,s19,0back,0,36.828353537551436,5.187023313124228,4.844075400032163,4.609761548861282
61,4.063589381982934,2-1,74.01818114056069,53.20677639770508,139.8051980036651,s19,1back,1,74.01818114056069,4.528753282630726,4.844075400032163,3.9491905227873
62,5.318306748230261,2-2,64.57727469534466,51.065085013071695,133.38560964628346,s19,2back,2,64.57727469534466,4.695859886079347,4.844075400032163,3.979204920420492
63,4.83735263105548,3-1,50.6300187818287,44.845075542958575,124.98794760054977,s19,1back,1,50.6300187818287,4.942730096758892,4.844075400032163,4.223932872369904
64,4.730320613494756,3-2,68.74304729456018,51.68995800425212,147.39625203742287,s19,2back,2,68.74304729456018,4.622124581759391,4.844075400032163,3.952533694160394
65,4.801308272237841,1-2,55.41833750372942,48.64522413686117,141.25915477096194,s2,0back,0,55.41833750372942,4.770127351591751,4.751201518375932,4.0824807185973
66,5.450501356939044,1-3,36.828353537551436,39.6695070350647,108.07875929327417,s2,1back,1,36.828353537551436,5.099175107416774,4.751201518375932,4.609761548861282
67,4.687679330352897,2-1,74.01818114056069,53.20677639770508,139.8051980036651,s2,2back,2,74.01818114056069,4.440905076923272,4.751201518375932,3.9491905227873
68,4.362709951933511,2-2,64.57727469534466,51.065085013071695,133.38560964628346,s2,1back,1,64.57727469534466,4.608011680371893,4.751201518375932,3.979204920420492
69,4.651281407340898,3-1,50.6300187818287,44.845075542958575,124.98794760054977,s2,0back,0,50.6300187818287,4.854881891051438,4.751201518375932,4.223932872369904
70,4.553728791451405,3-2,68.74304729456018,51.68995800425212,147.39625203742287,s2,2back,2,68.74304729456018,4.534276376051937,4.751201518375932,3.952533694160394
71,3.791579747776617,1-2,55.41833750372942,48.64522413686117,141.25915477096194,s20,2back,2,55.41833750372942,3.79508369076351,3.720376940501437,4.0824807185973
72,4.12892312981998,1-3,36.828353537551436,39.6695070350647,108.07875929327417,s20,0back,0,36.828353537551436,4.124131446588533,3.720376940501437,4.609761548861282
73,3.614168267197498,2-1,74.01818114056069,53.20677639770508,139.8051980036651,s20,1back,1,74.01818114056069,3.465861416095031,3.720376940501437,3.9491905227873
74,3.332943079137804,2-2,64.57727469534466,51.065085013071695,133.38560964628346,s20,0back,0,64.57727469534466,3.6329680195436524,3.720376940501437,3.979204920420492
75,3.912114110521519,3-1,50.6300187818287,44.845075542958575,124.98794760054977,s20,2back,2,50.6300187818287,3.879838230223197,3.720376940501437,4.223932872369904
76,3.542533308555205,3-2,68.74304729456018,51.68995800425212,147.39625203742287,s20,1back,1,68.74304729456018,3.5592327152236964,3.720376940501437,3.952533694160394
77,3.5707187373342535,1-2,55.41833750372942,48.64522413686117,141.25915477096194,s21,0back,0,55.41833750372942,3.8864131364859413,3.816931219162526,4.0824807185973
78,4.697617742098011,1-3,36.828353537551436,39.6695070350647,108.07875929327417,s21,2back,2,36.828353537551436,4.215460892310965,3.816931219162526,4.609761548861282
79,3.189923261575498,2-1,74.01818114056069,53.20677639770508,139.8051980036651,s21,0back,0,74.01818114056069,3.5571908618174626,3.816931219162526,3.9491905227873
80,3.672804842640948,2-2,64.57727469534466,51.065085013071695,133.38560964628346,s21,2back,2,64.57727469534466,3.724297465266084,3.816931219162526,3.979204920420492
81,4.1466568002993975,3-1,50.6300187818287,44.845075542958575,124.98794760054977,s21,1back,1,50.6300187818287,3.9711676759456283,3.816931219162526,4.223932872369904
82,3.6238659310270487,3-2,68.74304729456018,51.68995800425212,147.39625203742287,s21,1back,1,68.74304729456018,3.650562160946128,3.816931219162526,3.952533694160394
83,3.115543660305878,1-2,55.41833750372942,48.64522413686117,141.25915477096194,s22,1back,1,55.41833750372942,3.3110511118934465,3.2086535184267713,4.0824807185973
84,3.4780964434259856,1-3,36.828353537551436,39.6695070350647,108.07875929327417,s22,1back,1,36.828353537551436,3.6400988677184696,3.2086535184267713,4.609761548861282
85,3.0383484993987957,2-1,74.01818114056069,53.20677639770508,139.8051980036651,s22,2back,2,74.01818114056069,2.9818288372249677,3.2086535184267713,3.9491905227873
86,3.1627854683478844,2-2,64.57727469534466,51.065085013071695,133.38560964628346,s22,0back,0,64.57727469534466,3.148935440673589,3.2086535184267713,3.979204920420492
87,3.147069725489149,3-1,50.6300187818287,44.845075542958575,124.98794760054977,s22,0back,0,50.6300187818287,3.3958056513531334,3.2086535184267713,4.223932872369904
88,3.310077313592935,3-2,68.74304729456018,51.68995800425212,147.39625203742287,s22,2back,2,68.74304729456018,3.075200136353633,3.2086535184267713,3.952533694160394
89,4.634384747386902,1-2,55.41833750372942,48.64522413686117,141.25915477096194,s23,1back,1,55.41833750372942,4.806906546278806,4.7900848005929015,4.0824807185973
90,5.4786410732454,1-3,36.828353537551436,39.6695070350647,108.07875929327417,s23,2back,2,36.828353537551436,5.135954302103829,4.7900848005929015,4.609761548861282
91,4.377461948750458,2-1,74.01818114056069,53.20677639770508,139.8051980036651,s23,1back,1,74.01818114056069,4.477684271610327,4.7900848005929015,3.9491905227873
92,4.2977915322873494,2-2,64.57727469534466,51.065085013071695,133.38560964628346,s23,0back,0,64.57727469534466,4.644790875058948,4.7900848005929015,3.979204920420492
93,5.134620366009579,3-1,50.6300187818287,44.845075542958575,124.98794760054977,s23,2back,2,50.6300187818287,4.891661085738493,4.7900848005929015,4.223932872369904
94,4.817609135877718,3-2,68.74304729456018,51.68995800425212,147.39625203742287,s23,0back,0,68.74304729456018,4.571055570738992,4.7900848005929015,3.952533694160394
95,3.566441941146222,1-2,55.41833750372942,48.64522413686117,141.25915477096194,s24,1back,1,55.41833750372942,3.953850518163326,3.8882266014036664,4.0824807185973
96,5.001180517337142,1-3,36.828353537551436,39.6695070350647,108.07875929327417,s24,2back,2,36.828353537551436,4.28289827398835,3.8882266014036664,4.609761548861282
97,3.7030971172563762,2-1,74.01818114056069,53.20677639770508,139.8051980036651,s24,0back,0,74.01818114056069,3.6246282434948474,3.8882266014036664,3.9491905227873
98,3.290385678800513,2-2,64.57727469534466,51.065085013071695,133.38560964628346,s24,0back,0,64.57727469534466,3.7917348469434686,3.8882266014036664,3.979204920420492
99,4.350496701727855,3-1,50.6300187818287,44.845075542958575,124.98794760054977,s24,2back,2,50.6300187818287,4.0386050576230135,3.8882266014036664,4.223932872369904
100,3.4177576521538926,3-2,68.74304729456018,51.68995800425212,147.39625203742287,s24,1back,1,68.74304729456018,3.7179995426235126,3.8882266014036664,3.952533694160394
101,4.443300889998221,1-2,55.41833750372942,48.64522413686117,141.25915477096194,s25,0back,0,55.41833750372942,4.836551641014081,4.82142585073683,4.0824807185973
102,4.9930237779024385,1-3,36.828353537551436,39.6695070350647,108.07875929327417,s25,2back,2,36.828353537551436,5.165599396839104,4.82142585073683,4.609761548861282
103,4.590198462911351,2-1,74.01818114056069,53.20677639770508,139.8051980036651,s25,0back,0,74.01818114056069,4.507329366345602,4.82142585073683,3.9491905227873
104,4.271267279072664,2-2,64.57727469534466,51.065085013071695,133.38560964628346,s25,1back,1,64.57727469534466,4.6744359697942235,4.82142585073683,3.979204920420492
105,5.692590033337408,3-1,50.6300187818287,44.845075542958575,124.98794760054977,s25,2back,2,50.6300187818287,4.921306180473768,4.82142585073683,4.223932872369904
106,4.938174661198896,3-2,68.74304729456018,51.68995800425212,147.39625203742287,s25,1back,1,68.74304729456018,4.6007006654742675,4.82142585073683,3.952533694160394
107,3.5318132385713015,1-2,55.41833750372942,48.64522413686117,141.25915477096194,s26,0back,0,55.41833750372942,4.206973727980467,4.155830644578875,4.0824807185973
108,4.609030399643301,1-3,36.828353537551436,39.6695070350647,108.07875929327417,s26,1back,1,36.828353537551436,4.53602148380549,4.155830644578875,4.609761548861282
109,3.5349636900540506,2-1,74.01818114056069,53.20677639770508,139.8051980036651,s26,0back,0,74.01818114056069,3.8777514533119883,4.155830644578875,3.9491905227873
110,5.060721975810915,2-2,64.57727469534466,51.065085013071695,133.38560964628346,s26,2back,2,64.57727469534466,4.04485805676061,4.155830644578875,3.979204920420492
111,4.412576819186266,3-1,50.6300187818287,44.845075542958575,124.98794760054977,s26,1back,1,50.6300187818287,4.2917282674401545,4.155830644578875,4.223932872369904
112,3.785877744207412,3-2,68.74304729456018,51.68995800425212,147.39625203742287,s26,2back,2,68.74304729456018,3.9711227524406536,4.155830644578875,3.952533694160394
113,3.969940988424995,1-2,55.41833750372942,48.64522413686117,141.25915477096194,s27,1back,1,55.41833750372942,4.020510336185109,3.9586999366337285,4.0824807185973
114,4.156929758652484,1-3,36.828353537551436,39.6695070350647,108.07875929327417,s27,1back,1,36.828353537551436,4.349558092010132,3.9586999366337285,4.609761548861282
115,3.607848395496718,2-1,74.01818114056069,53.20677639770508,139.8051980036651,s27,0back,0,74.01818114056069,3.69128806151663,3.9586999366337285,3.9491905227873
116,3.5584187536310488,2-2,64.57727469534466,51.065085013071695,133.38560964628346,s27,0back,0,64.57727469534466,3.8583946649652514,3.9586999366337285,3.979204920420492
117,4.384554235422037,3-1,50.6300187818287,44.845075542958575,124.98794760054977,s27,2back,2,50.6300187818287,4.105264875644796,3.9586999366337285,4.223932872369904
118,4.07450748817509,3-2,68.74304729456018,51.68995800425212,147.39625203742287,s27,2back,2,68.74304729456018,3.7846593606452954,3.9586999366337285,3.952533694160394
119,3.1965034142947704,1-2,55.41833750372942,48.64522413686117,141.25915477096194,s28,0back,0,55.41833750372942,3.4086063307423267,3.311789738197618,4.0824807185973
120,3.425597434138062,1-3,36.828353537551436,39.6695070350647,108.07875929327417,s28,2back,2,36.828353537551436,3.7376540865673498,3.311789738197618,4.609761548861282
121,3.128039765244811,2-1,74.01818114056069,53.20677639770508,139.8051980036651,s28,0back,0,74.01818114056069,3.079384056073848,3.311789738197618,3.9491905227873
122,3.52551484430443,2-2,64.57727469534466,51.065085013071695,133.38560964628346,s28,2back,2,64.57727469534466,3.246490659522469,3.311789738197618,3.979204920420492
123,3.4878453741508952,3-1,50.6300187818287,44.845075542958575,124.98794760054977,s28,1back,1,50.6300187818287,3.4933608702020136,3.311789738197618,4.223932872369904
124,3.1072375970527393,3-2,68.74304729456018,51.68995800425212,147.39625203742287,s28,1back,1,68.74304729456018,3.172755355202513,3.311789738197618,3.952533694160394
125,6.0821304340671185,1-2,55.41833750372942,48.64522413686117,141.25915477096194,s29,2back,2,55.41833750372942,5.636355586979303,5.666985488837168,4.0824807185973
126,6.668300331945417,1-3,36.828353537551436,39.6695070350647,108.07875929327417,s29,2back,2,36.828353537551436,5.9654033428043265,5.666985488837168,4.609761548861282
127,5.400342886834671,2-1,74.01818114056069,53.20677639770508,139.8051980036651,s29,1back,1,74.01818114056069,5.307133312310825,5.666985488837168,3.9491905227873
128,5.6217378404858485,2-2,64.57727469534466,51.065085013071695,133.38560964628346,s29,1back,1,64.57727469534466,5.474239915759446,5.666985488837168,3.979204920420492
129,5.531754183636607,3-1,50.6300187818287,44.845075542958575,124.98794760054977,s29,0back,0,50.6300187818287,5.72111012643899,5.666985488837168,4.223932872369904
130,4.697647256053342,3-2,68.74304729456018,51.68995800425212,147.39625203742287,s29,0back,0,68.74304729456018,5.40050461143949,5.666985488837168,3.952533694160394
131,4.5175583112987825,1-2,55.41833750372942,48.64522413686117,141.25915477096194,s3,2back,2,55.41833750372942,4.214424631573877,4.163707804197487,4.0824807185973
132,4.251948906103469,1-3,36.828353537551436,39.6695070350647,108.07875929327417,s3,0back,0,36.828353537551436,4.5434723873989,4.163707804197487,4.609761548861282
133,4.064497305974529,2-1,74.01818114056069,53.20677639770508,139.8051980036651,s3,1back,1,74.01818114056069,3.885202356905398,4.163707804197487,3.9491905227873
134,3.801482958103383,2-2,64.57727469534466,51.065085013071695,133.38560964628346,s3,1back,1,64.57727469534466,4.052308960354019,4.163707804197487,3.979204920420492
135,4.61834059046238,3-1,50.6300187818287,44.845075542958575,124.98794760054977,s3,2back,2,50.6300187818287,4.299179171033564,4.163707804197487,4.223932872369904
136,3.7284187532423774,3-2,68.74304729456018,51.68995800425212,147.39625203742287,s3,0back,0,68.74304729456018,3.9785736560340634,4.163707804197487,3.952533694160394
137,4.617536125386046,1-2,55.41833750372942,48.64522413686117,141.25915477096194,s30,0back,0,55.41833750372942,4.903363594855746,4.892060025269386,4.0824807185973
138,5.651622310481701,1-3,36.828353537551436,39.6695070350647,108.07875929327417,s30,2back,2,36.828353537551436,5.232411350680769,4.892060025269386,4.609761548861282
139,4.364040311863352,2-1,74.01818114056069,53.20677639770508,139.8051980036651,s30,1back,1,74.01818114056069,4.574141320187268,4.892060025269386,3.9491905227873
140,4.861396078210955,2-2,64.57727469534466,51.065085013071695,133.38560964628346,s30,2back,2,64.57727469534466,4.741247923635889,4.892060025269386,3.979204920420492
141,4.628246554698989,3-1,50.6300187818287,44.845075542958575,124.98794760054977,s30,0back,0,50.6300187818287,4.9881181343154335,4.892060025269386,4.223932872369904
142,5.229518770975272,3-2,68.74304729456018,51.68995800425212,147.39625203742287,s30,1back,1,68.74304729456018,4.667512619315932,4.892060025269386,3.952533694160394
143,4.604082687329612,1-2,55.41833750372942,48.64522413686117,141.25915477096194,s31,0back,0,55.41833750372942,4.935808203176315,4.926360745349906,4.0824807185973
144,5.169019735058628,1-3,36.828353537551436,39.6695070350647,108.07875929327417,s31,1back,1,36.828353537551436,5.264855959001338,4.926360745349906,4.609761548861282
145,5.094447356569327,2-1,74.01818114056069,53.20677639770508,139.8051980036651,s31,2back,2,74.01818114056069,4.606585928507836,4.926360745349906,3.9491905227873
146,4.601622823376566,2-2,64.57727469534466,51.065085013071695,133.38560964628346,s31,0back,0,64.57727469534466,4.773692531956457,4.926360745349906,3.979204920420492
147,5.478338815003,3-1,50.6300187818287,44.845075542958575,124.98794760054977,s31,2back,2,50.6300187818287,5.0205627426360016,4.926360745349906,4.223932872369904
148,4.6106530547623015,3-2,68.74304729456018,51.68995800425212,147.39625203742287,s31,1back,1,68.74304729456018,4.699957227636501,4.926360745349906,3.952533694160394
149,3.414779520090238,1-2,55.41833750372942,48.64522413686117,141.25915477096194,s32,2back,2,55.41833750372942,3.5804250511056717,3.493437973045926,4.0824807185973
150,3.931321283378562,1-3,36.828353537551436,39.6695070350647,108.07875929327417,s32,1back,1,36.828353537551436,3.9094728069306948,3.493437973045926,4.609761548861282
151,3.6121079825683995,2-1,74.01818114056069,53.20677639770508,139.8051980036651,s32,0back,0,74.01818114056069,3.251202776437193,3.493437973045926,3.9491905227873
152,3.2499216748239537,2-2,64.57727469534466,51.065085013071695,133.38560964628346,s32,0back,0,64.57727469534466,3.418309379885814,3.493437973045926,3.979204920420492
153,3.1914357590681233,3-1,50.6300187818287,44.845075542958575,124.98794760054977,s32,1back,1,50.6300187818287,3.6651795905653586,3.493437973045926,4.223932872369904
154,3.5610616183462787,3-2,68.74304729456018,51.68995800425212,147.39625203742287,s32,2back,2,68.74304729456018,3.344574075565858,3.493437973045926,3.952533694160394
155,4.679587498374581,1-2,55.41833750372942,48.64522413686117,141.25915477096194,s33,1back,1,55.41833750372942,4.708565083468725,4.686117356916939,4.0824807185973
156,4.896022605730446,1-3,36.828353537551436,39.6695070350647,108.07875929327417,s33,0back,0,36.828353537551436,5.0376128392937485,4.686117356916939,4.609761548861282
157,4.898993802497861,2-1,74.01818114056069,53.20677639770508,139.8051980036651,s33,2back,2,74.01818114056069,4.379342808800247,4.686117356916939,3.9491905227873
158,4.745026003973591,2-2,64.57727469534466,51.065085013071695,133.38560964628346,s33,2back,2,64.57727469534466,4.546449412248868,4.686117356916939,3.979204920420492
159,4.685362147488848,3-1,50.6300187818287,44.845075542958575,124.98794760054977,s33,1back,1,50.6300187818287,4.793319622928412,4.686117356916939,4.223932872369904
160,4.211712083436306,3-2,68.74304729456018,51.68995800425212,147.39625203742287,s33,0back,0,68.74304729456018,4.472714107928912,4.686117356916939,3.952533694160394
161,4.163005019569518,1-2,55.41833750372942,48.64522413686117,141.25915477096194,s34,2back,2,55.41833750372942,3.971929691380843,3.907340059445573,4.0824807185973
162,4.031619152411572,1-3,36.828353537551436,39.6695070350647,108.07875929327417,s34,0back,0,36.828353537551436,4.300977447205866,3.907340059445573,4.609761548861282
163,3.576841051610645,2-1,74.01818114056069,53.20677639770508,139.8051980036651,s34,1back,1,74.01818114056069,3.6427074167123643,3.907340059445573,3.9491905227873
164,3.636265133794961,2-2,64.57727469534466,51.065085013071695,133.38560964628346,s34,1back,1,64.57727469534466,3.8098140201609856,3.907340059445573,3.979204920420492
165,4.232075117738176,3-1,50.6300187818287,44.845075542958575,124.98794760054977,s34,0back,0,50.6300187818287,4.0566842308405295,3.907340059445573,4.223932872369904
166,3.8042348815485645,3-2,68.74304729456018,51.68995800425212,147.39625203742287,s34,2back,2,68.74304729456018,3.7360787158410296,3.907340059445573,3.952533694160394
167,4.173924662347065,1-2,55.41833750372942,48.64522413686117,141.25915477096194,s35,0back,0,55.41833750372942,4.273454661342195,4.226114861401631,4.0824807185973
168,5.340152430903857,1-3,36.828353537551436,39.6695070350647,108.07875929327417,s35,2back,2,36.828353537551436,4.602502417167218,4.226114861401631,4.609761548861282
169,4.282224921898793,2-1,74.01818114056069,53.20677639770508,139.8051980036651,s35,2back,2,74.01818114056069,3.9442323866737166,4.226114861401631,3.9491905227873
170,3.8788044644758077,2-2,64.57727469534466,51.065085013071695,133.38560964628346,s35,1back,1,64.57727469534466,4.111338990122338,4.226114861401631,3.979204920420492
171,3.5414757580909164,3-1,50.6300187818287,44.845075542958575,124.98794760054977,s35,0back,0,50.6300187818287,4.358209200801882,4.226114861401631,4.223932872369904
172,4.140106930693345,3-2,68.74304729456018,51.68995800425212,147.39625203742287,s35,1back,1,68.74304729456018,4.037603685802382,4.226114861401631,3.952533694160394
173,3.51639191818657,1-2,55.41833750372942,48.64522413686117,141.25915477096194,s36,1back,1,55.41833750372942,3.419890975789996,3.3237199623866,4.0824807185973
174,3.208901098561911,1-3,36.828353537551436,39.6695070350647,108.07875929327417,s36,0back,0,36.828353537551436,3.748938731615019,3.3237199623866,4.609761548861282
175,2.9666631339058362,2-1,74.01818114056069,53.20677639770508,139.8051980036651,s36,2back,2,74.01818114056069,3.0906687011215173,3.3237199623866,3.9491905227873
176,3.5458514803594268,2-2,64.57727469534466,51.065085013071695,133.38560964628346,s36,0back,0,64.57727469534466,3.2577753045701385,3.3237199623866,3.979204920420492
177,2.890929724715214,3-1,50.6300187818287,44.845075542958575,124.98794760054977,s36,1back,1,50.6300187818287,3.504645515249683,3.3237199623866,4.223932872369904
178,3.8135824185906415,3-2,68.74304729456018,51.68995800425212,147.39625203742287,s36,2back,2,68.74304729456018,3.1840400002501825,3.3237199623866,3.952533694160394
179,2.949526522465692,1-2,55.41833750372942,48.64522413686117,141.25915477096194,s4,1back,1,55.41833750372942,3.3587392589394027,3.2590698392779935,4.0824807185973
180,3.6284989788399997,1-3,36.828353537551436,39.6695070350647,108.07875929327417,s4,0back,0,36.828353537551436,3.687787014764426,3.2590698392779935,4.609761548861282
181,3.266346413190269,2-1,74.01818114056069,53.20677639770508,139.8051980036651,s4,2back,2,74.01818114056069,3.029516984270924,3.2590698392779935,3.9491905227873
182,3.2218366615772696,2-2,64.57727469534466,51.065085013071695,133.38560964628346,s4,2back,2,64.57727469534466,3.1966235877195452,3.2590698392779935,3.979204920420492
183,3.594962250848945,3-1,50.6300187818287,44.845075542958575,124.98794760054977,s4,0back,0,50.6300187818287,3.4434937983990896,3.2590698392779935,4.223932872369904
184,2.8932482087457885,3-2,68.74304729456018,51.68995800425212,147.39625203742287,s4,1back,1,68.74304729456018,3.1228882833995892,3.2590698392779935,3.952533694160394
185,4.2100349412546425,1-2,55.41833750372942,48.64522413686117,141.25915477096194,s5,0back,0,55.41833750372942,4.371526645174315,4.3297974095750975,4.0824807185973
186,4.343902659271936,1-3,36.828353537551436,39.6695070350647,108.07875929327417,s5,1back,1,36.828353537551436,4.700574400999338,4.3297974095750975,4.609761548861282
187,5.290147099476596,2-1,74.01818114056069,53.20677639770508,139.8051980036651,s5,2back,2,74.01818114056069,4.042304370505836,4.3297974095750975,3.9491905227873
188,3.222090803712346,2-2,64.57727469534466,51.065085013071695,133.38560964628346,s5,0back,0,64.57727469534466,4.209410973954458,4.3297974095750975,3.979204920420492
189,3.9801577468909732,3-1,50.6300187818287,44.845075542958575,124.98794760054977,s5,1back,1,50.6300187818287,4.456281184634002,4.3297974095750975,4.223932872369904
190,4.932451206844093,3-2,68.74304729456018,51.68995800425212,147.39625203742287,s5,2back,2,68.74304729456018,4.135675669634502,4.3297974095750975,3.952533694160394
191,4.564472292866441,1-2,55.41833750372942,48.64522413686117,141.25915477096194,s6,1back,1,55.41833750372942,4.681167891482385,4.657152808970158,4.0824807185973
192,5.373488380576667,1-3,36.828353537551436,39.6695070350647,108.07875929327417,s6,2back,2,36.828353537551436,5.010215647307408,4.657152808970158,4.609761548861282
193,4.404042659586991,2-1,74.01818114056069,53.20677639770508,139.8051980036651,s6,1back,1,74.01818114056069,4.351945616813906,4.657152808970158,3.9491905227873
194,4.474209741183343,2-2,64.57727469534466,51.065085013071695,133.38560964628346,s6,0back,0,64.57727469534466,4.519052220262528,4.657152808970158,3.979204920420492
195,4.509831334642217,3-1,50.6300187818287,44.845075542958575,124.98794760054977,s6,0back,0,50.6300187818287,4.765922430942072,4.657152808970158,4.223932872369904
196,4.616872444965292,3-2,68.74304729456018,51.68995800425212,147.39625203742287,s6,2back,2,68.74304729456018,4.445316915942572,4.657152808970158,3.952533694160394
197,3.8068422822447365,1-2,55.41833750372942,48.64522413686117,141.25915477096194,s7,0back,0,55.41833750372942,4.124726820997703,4.068878504302434,4.0824807185973
198,4.911256489541872,1-3,36.828353537551436,39.6695070350647,108.07875929327417,s7,2back,2,36.828353537551436,4.453774576822726,4.068878504302434,4.609761548861282
199,3.9586585838361614,2-1,74.01818114056069,53.20677639770508,139.8051980036651,s7,2back,2,74.01818114056069,3.795504546329224,4.068878504302434,3.9491905227873
200,4.07010908056164,2-2,64.57727469534466,51.065085013071695,133.38560964628346,s7,1back,1,64.57727469534466,3.962611149777845,4.068878504302434,3.979204920420492
201,4.20760972085852,3-1,50.6300187818287,44.845075542958575,124.98794760054977,s7,0back,0,50.6300187818287,4.2094813604573895,4.068878504302434,4.223932872369904
202,3.458794868771676,3-2,68.74304729456018,51.68995800425212,147.39625203742287,s7,1back,1,68.74304729456018,3.888875845457889,4.068878504302434,3.952533694160394
203,5.620681059484918,1-2,55.41833750372942,48.64522413686117,141.25915477096194,s8,2back,2,55.41833750372942,4.8463652253171885,4.8318008568038335,4.0824807185973
204,4.644366481459401,1-3,36.828353537551436,39.6695070350647,108.07875929327417,s8,1back,1,36.828353537551436,5.175412981142212,4.8318008568038335,4.609761548861282
205,4.218899567283126,2-1,74.01818114056069,53.20677639770508,139.8051980036651,s8,0back,0,74.01818114056069,4.51714295064871,4.8318008568038335,3.9491905227873
206,5.0321070129529595,2-2,64.57727469534466,51.065085013071695,133.38560964628346,s8,1back,1,64.57727469534466,4.684249554097331,4.8318008568038335,3.979204920420492
207,5.3707657143190755,3-1,50.6300187818287,44.845075542958575,124.98794760054977,s8,2back,2,50.6300187818287,4.931119764776875,4.8318008568038335,4.223932872369904
208,4.103985305323521,3-2,68.74304729456018,51.68995800425212,147.39625203742287,s8,0back,0,68.74304729456018,4.610514249777375,4.8318008568038335,3.952533694160394
209,4.360535201631528,1-2,55.41833750372942,48.64522413686117,141.25915477096194,s9,2back,2,55.41833750372942,4.013354556593057,3.951134784657792,4.0824807185973
210,4.095006703427149,1-3,36.828353537551436,39.6695070350647,108.07875929327417,s9,1back,1,36.828353537551436,4.34240231241808,3.951134784657792,4.609761548861282
211,3.9560431009345693,2-1,74.01818114056069,53.20677639770508,139.8051980036651,s9,2back,2,74.01818114056069,3.684132281924578,3.951134784657792,3.9491905227873
212,3.6484996099465477,2-2,64.57727469534466,51.065085013071695,133.38560964628346,s9,1back,1,64.57727469534466,3.851238885373199,3.951134784657792,3.979204920420492
213,4.104100739587738,3-1,50.6300187818287,44.845075542958575,124.98794760054977,s9,0back,0,50.6300187818287,4.0981090960527435,3.951134784657792,4.223932872369904
214,3.5426233524192203,3-2,68.74304729456018,51.68995800425212,147.39625203742287,s9,0back,0,68.74304729456018,3.777503581053243,3.951134784657792,3.952533694160394
