,timeStamps,Actual pupil (z),Predicted pupil (z),Predicted pupil - luminance (z),Predicted pupil - contrast (z)
0,0.0,-0.7942661552008049,3.256390184971144,4.861469787536045,1.470460878151397
1,0.04,-0.7392047917660146,3.256390184971144,4.861469787536045,1.470460878151397
2,0.08,-0.5690151229675716,3.256390184971144,4.861469787536045,1.470460878151397
3,0.12,-0.3237417767580508,3.256390184971144,4.861469787536045,1.470460878151397
4,0.16,-0.09348516603074566,3.256390184971144,4.861469787536045,1.470460878151397
5,0.2,0.2669164855424277,3.254731063656748,4.861469787535008,1.468960389254587
6,0.24,0.627318137115601,3.2226983934369877,4.861469782661226,1.4399897459827984
7,0.28,0.8175301198903314,3.0955364941507026,4.861469267380939,1.3249710893876214
8,0.32,0.9727030532065588,2.8310208050379915,4.861457749617816,1.0856608338765084
9,0.36,0.8525691693488343,2.4412512994908746,4.86134786143059,0.7329165465852385
10,0.4,0.6823795005503914,1.9806448165464985,4.860735948181235,0.31595498670071476
11,0.44,0.28193322102464324,1.517907353024375,4.858385851159961,-0.10279970239394548
12,0.48,-0.04342938109002714,1.1125093676557636,4.851508400195819,-0.4687354883733126
13,0.52,-0.2686804133232605,0.8023255309352343,4.835153719555911,-0.7459908361936435
14,0.56,-0.6340876433905057,0.6007813119101652,4.8021324852931775,-0.9199938954473733
15,0.6,-0.8042773121889486,0.5007700270346322,4.743725187355108,-0.994192646063424
16,0.64,-0.8192940476711642,0.4824462514438033,4.6511103276535914,-0.98355549109025
17,0.68,-0.8343107831533797,0.5213798165869715,4.5171342008207285,-0.9078422158850533
18,0.72,-0.8843665680940983,0.5940553297712411,4.337909532749155,-0.7871381946637875
19,0.76,-1.0695729723747567,0.6766807489520766,4.113804727686726,-0.6432247268917822
20,0.8,-1.0395395014103257,0.738647921475143,3.8496025849606825,-0.5056317319332877
21,0.84,-1.0845897078569724,0.7453019099788855,3.5538577889573504,-0.409081385123436
22,0.88,-0.9844781379755353,0.6746674449268096,3.237673964541319,-0.3778194055246387
23,0.92,-0.894377725082242,0.5306730041110509,2.913207644248031,-0.4126296834586088
24,0.96,-0.759227105742302,0.33612377120061426,2.592193246424934,-0.4965152655563151
25,1.0,-0.6040541724260745,0.1156944497536512,2.2847122818885905,-0.6098966542801376
26,1.04,-0.2987138842876916,-0.10991957104136127,1.9983466769320142,-0.7357567447543628
27,1.08,-0.023407067113739737,-0.32043141213221693,1.737777683879187,-0.8563401187426704
28,1.12,0.24689417156614027,-0.4965671830082857,1.5048134815929262,-0.9539539439762892
29,1.16,0.5272065672341639,-0.624229332232149,1.2987561000955343,-1.0151256111749147
30,1.2,0.6423348725978165,-0.6970365037846364,1.1169775484179034,-1.0331335639556014
31,1.24,0.8275412768784751,-0.7161221295107105,0.9555815049460491,-1.0078584094130167
32,1.28,0.9026249542895529,-0.6887249965720715,0.8100640004947056,-0.944495553223079
33,1.32,0.8525691693488343,-0.6261318456144757,0.6759222400265534,-0.8517557480245509
34,1.36,0.6573516080800321,-0.5416511037834919,0.5491766216956682,-0.740206271583422
35,1.4,0.4521228898230862,-0.4489987740582172,0.4267713441825985,-0.6210423433962724
36,1.44,0.23688301457799657,-0.3604470081582723,0.306819433807064,-0.50462516341233
37,1.48,-0.028412645607811586,-0.2844223760790263,0.1886701679083301,-0.3984092594534314
38,1.52,-0.21862462838254196,-0.2240403232851076,0.0728011188892537,-0.305491144370848
39,1.56,-0.3788031401928412,-0.17789096583609348,-0.039434229812007504,-0.22511622910392917
40,1.6,-0.47891471007427827,-0.14219981434004622,-0.1461485974267951,-0.15452083675030154
41,1.64,-0.4488812391098472,-0.11267337684626386,-0.24528688107501526,-0.0905648853802168
42,1.68,-0.4739091315802064,-0.08807581653865505,-0.33495482899322937,-0.03305947067405244
43,1.72,-0.3938198756750568,-0.07457283197856564,-0.41366702544811335,0.011147011841975621
44,1.76,-0.2511208439660574,-0.08151952750502027,-0.4804941958161219,0.03220879971703615
45,1.8,-0.17039087401366576,-0.1116809312374548,-0.5351115548868312,0.026651588258932615
46,1.84,-0.10966319572358574,-0.15852492549060582,-0.5777664135741748,5.594262883601159e-06
47,1.88,-0.06614970187462035,-0.21029550820698473,-0.6091934308771512,-0.03701003422077381
48,1.92,-0.03705227408858017,-0.25532108058896913,-0.6305082923881059,-0.07347508811902241
49,1.96,-0.01959281630125613,-0.2850574089857503,-0.6431045734567858,-0.10103589082494545
50,2.0,-0.010983221291453545,-0.2945941744944708,-0.6485670491996862,-0.11420623260872882
51,2.04,-0.008425370680982992,-0.28232259202372445,-0.6486032632458465,-0.1100386623479511
52,2.08,-0.25366367784104493,-0.2496679351811963,-0.644988034582527,-0.08810403931535643
53,2.12,-0.3737975616987694,-0.20069439407207232,-0.6395134846752714,-0.050446810401178974
54,2.16,-0.3337529337461946,-0.1412176575240928,-0.6339383045781315,-0.0010086194300258848
55,2.2,-0.318736198263979,-0.07754741314618137,-0.629932594908148,0.0554067911540956
56,2.24,-0.3737975616987694,-0.015238980797338653,-0.6290180048320563,0.11423224356015116
57,2.28,-0.5339760735090686,0.04197935824983781,-0.6325064456329156,0.17211768872388433
58,2.32,-0.5690151229675716,0.09249510765890187,-0.6414432224821487,0.22727884789013342
59,2.36,-0.4739091315802064,0.1357950734676115,-0.6565611964164743,0.27869128683557864
60,2.4,-0.418847768145416,0.16788253477597825,-0.6782515743936809,0.32164474168288665
61,2.44,-0.2686804133232605,0.1760716404118829,-0.7065545914805261,0.3425919574351434
62,2.48,-0.06345169506631455,0.1457943560278835,-0.7411699101801024,0.32609443342038613
63,2.52,0.04667103180326619,0.07334744018169942,-0.7814806323205523,0.2676949766367511
64,2.56,0.18682722963727805,-0.03137093863654467,-0.8265754640697133,0.1767222626206843
65,2.6,0.11174355222620026,-0.14994770053963774,-0.8752483056057121,0.07126074832633573
66,2.64,-0.10349632301888936,-0.2622897600420001,-0.9259668629137593,-0.028698581905517134
67,2.68,-0.15855768645367974,-0.3523631714906963,-0.9768320585157529,-0.10712949691095063
68,2.72,-0.4038310326632005,-0.4111179664021986,-1.025577433979624,-0.1550185301390652
69,2.76,-0.6140653294142182,-0.4359780109880135,-1.0696592615799023,-0.16992060613097554
70,2.8,-0.6991601638134397,-0.42871846891489546,-1.10645927783113,-0.15384618043749967
71,2.84,-0.8993833035763138,-0.393798681803946,-1.1335788308531272,-0.11162004469458639
72,2.88,-0.9994948734577509,-0.33984686812122866,-1.1491670063769337,-0.05229042795194648
73,2.92,-1.0695729723747567,-0.28225199262758033,-1.1522086605607373,0.008483091901538462
74,2.96,-1.0545562368925412,-0.2380069096098638,-1.1427044178666772,0.053600385872580564
75,3.0,-1.0095060304458945,-0.21607859436636562,-1.1217015102537569,0.07402582115840807
76,3.04,-0.959450245505176,-0.2139866664792972,-1.0911743381270929,0.07221056499500028
77,3.08,-0.8693498326118827,-0.22107484084943285,-1.053791868855085,0.05890798457613714
78,3.12,-0.7742438412245175,-0.22418191694961273,-1.012628737337103,0.04758590494738103
79,3.16,-0.7442103702600864,-0.2124200041315785,-0.9708724495706637,0.04966431698485963
80,3.2,-0.7191824777897271,-0.179839842632353,-0.9315597112073507,0.0718087654480261
81,3.24,-0.6691266928490086,-0.12564932740101514,-0.8973561800131638,0.11567093256500845
82,3.28,-0.6040541724260745,-0.053190460138284004,-0.8703850110717389,0.17888793860580268
83,3.32,-0.5790262799557153,0.03131901528060375,-0.8521094566854857,0.2562393556960236
84,3.36,-0.6040541724260745,0.11831348054359622,-0.8432766593533106,0.33905053000775515
85,3.4,-0.6491043788727212,0.19337640319929897,-0.8439275567368216,0.41360406833855745
86,3.44,-0.6340876433905057,0.24250121989048146,-0.853470121978504,0.4661735426738963
87,3.48,-0.5489928089912842,0.26036585128165063,-0.870802738990166,0.49110017824154045
88,3.52,-0.49893702405056567,0.2518380466557266,-0.8944652939131713,0.4923830440620976
89,3.56,-0.353775247722482,0.22784524840455717,-0.9227915311111419,0.4798348650155433
90,3.6,-0.2786915703114042,0.20060649846634715,-0.9540405651667954,0.46459338443372844
91,3.65,-0.21862462838254196,0.18044556838400855,-0.9864973008322117,0.45609234597586357
92,3.69,-0.14854652946553604,0.1741846379486597,-1.01854500452617,0.4604848692176858
93,3.73,-0.07346285205445825,0.18496195938361062,-1.048721604869515,0.48042654363355625
94,3.77,-0.048434959584099,0.2126362760055725,-1.0757712456666435,0.5154544373011776
95,3.81,-0.08347400904260197,0.2543090557757795,-1.0986956310379714,0.5625019931947977
96,3.85,-0.0684572735603864,0.30541192446858206,-1.116800498465429,0.6169810566644215
97,3.89,-0.24365252085290123,0.36089246636513084,-1.129726293966947,0.6739590286267756
98,3.93,-0.23864694235882936,0.41590538755261247,-1.1374515287718219,0.7288157390893867
99,3.97,-0.24365252085290123,0.4666990548981792,-1.140262012186894,0.7780845698060161
100,4.01,-0.2686804133232605,0.5113850515735177,-1.1386872684694156,0.8202093263480305
101,4.05,-0.3587808262165538,0.5501604141352918,-1.1334143174223081,0.8557091461647711
102,4.09,-0.34876966922841013,0.5846383125095928,-1.1251951211395383,0.8864538180899891
103,4.13,-0.418847768145416,0.6166052094749267,-1.1147645032826765,0.91442813216073
104,4.17,-0.4939314455564938,0.6472440237529623,-1.102780448386521,0.9409637313791576
105,4.21,-0.5039426025446375,0.6772027360513966,-1.089791485711943,0.9667971820956431
106,4.25,-0.5289704950149968,0.7068615160696714,-1.0762296511980773,0.9923464429268309
107,4.29,-0.5640095444734997,0.7364871960932569,-1.0624236902918256,1.0178815580065634
108,4.33,-0.5790262799557153,0.7654396874074404,-1.0486251263330624,1.0427739585950746
109,4.37,-0.6290820648964338,0.7914456438325833,-1.035038631610441,1.0648093123050835
110,4.41,-0.4488812391098472,0.811866130790539,-1.0218481335112652,1.0814347021168662
111,4.45,-0.3888142971809849,0.8254410812020827,-1.009232430378959,1.091452746808672
112,4.49,-0.23864694235882936,0.8328844356569288,-0.9973686891285796,1.0955949741063777
113,4.53,-0.1335297939833205,0.8362558189344449,-0.9864266056378582,1.0959165781923346
114,4.57,-0.07346285205445825,0.8378295655781541,-0.9765573365798951,1.094708989359408
115,4.61,0.01663756083883508,0.838891448540785,-0.9678795638280551,1.0933206129613007
116,4.65,0.14177702319063137,0.8393313797652682,-0.9604633165923568,1.0917319037727302
117,4.69,0.36202247692979284,0.8383016465172355,-0.9543129720391387,1.0891788268676252
118,4.73,0.5272065672341639,0.8354905489845853,-0.9493534156353648,1.0853679222737413
119,4.77,0.6173069801274573,0.8319727409009753,-0.9454247696767426,1.0812735913720675
120,4.81,0.6573516080800321,0.8296804260725587,-0.9422894997355267,1.078634210499606
121,4.85,0.6923906575385351,0.8304742139015833,-0.9396519211176627,1.0790782849493312
122,4.89,0.762468756455541,0.8355656875727189,-0.9371866763834089,1.0836043691941806
123,4.93,0.7524575994673973,0.8453608655284992,-0.9345714585301003,1.0924567534216645
124,4.97,0.797507805914044,0.8593415987839087,-0.9315198610067164,1.105037584320103
125,5.01,0.7474520209733254,0.8763783376145468,-0.9278111323524381,1.120226795404907
126,5.05,0.7925022274199721,0.8951821001295421,-0.9233136287909727,1.136809627266089
127,5.09,0.8425580123606906,0.9143753798886208,-0.9179983089040078,1.153507875759138
128,5.13,0.8675859048310499,0.9324409710128095,-0.9119391035593248,1.1688993554801759
129,5.17,0.8926137973014092,0.9480357391136446,-0.9052991758581743,1.1817279810419345
130,5.21,1.0728146230879958,0.9603038789887197,-0.8983052685517875,1.1912328266388619
131,5.25,1.0728146230879958,0.9687498502985347,-0.891215060498696,1.1970387453570144
132,5.29,1.0527923091117084,0.9730536746830958,-0.8842835526918159,1.198946584221642
133,5.33,1.0477867306176365,0.973102203520196,-0.877733591433176,1.1969387684490003
134,5.37,1.0778202015820677,0.9689818060420992,-0.8717332389934906,1.1911743035351081
135,5.41,1.1178648295346425,0.9586558543030436,-0.8663802427751041,1.1797608786245135
136,5.45,1.13788714351093,0.9345102699405528,-0.8616928314596644,1.1554331306018264
137,5.49,1.1078536725464987,0.8876510199046317,-0.8576065915537338,1.1096492355853051
138,5.53,1.1579094574872173,0.8168695488986504,-0.8539774668263961,1.041152968305359
139,5.57,1.0527923091117084,0.730707169828092,-0.850589068373663,0.9579593360311658
140,5.61,0.8826026403132654,0.6428893770640987,-0.8471598986032924,0.8730484556551353
141,5.65,0.7424464424792536,0.5667212708796733,-0.843347417223202,0.7990268683556505
142,5.69,0.45712846831715803,0.5115978127367662,-0.8387527199562638,0.7447240118018257
143,5.73,0.28193322102464324,0.48180935214196097,-0.8329365553092316,0.7140309415095334
144,5.77,0.10173239523805656,0.47691808382371303,-0.8254568784982654,0.7063014368427503
145,5.81,0.01663756083883508,0.493325043627678,-0.8159282394820203,0.7179225859052356
146,5.85,-0.003384753137452328,0.5260276891113139,-0.8040900343805144,0.7440865073997331
147,5.89,-0.10349632301888936,0.5697312714152317,-0.7898627933491142,0.7798656318002483
148,5.93,-0.2586692563351168,0.6193091577283257,-0.7733739279516535,0.820581464063021
149,5.97,-0.2987138842876916,0.6703430283890589,-0.7549451356852528,0.862252300026658
150,6.01,-0.3838087186869131,0.7198080507261936,-0.7350474436447403,0.9022344621183565
151,6.05,-0.3938198756750568,0.7662283452717159,-0.7142402073558283,0.9393644057344906
152,6.09,-0.4689035530861346,0.8092980603202381,-0.6931126473184959,0.9735535379686696
153,6.13,-0.4839202885683501,0.84778580473184,-0.6722404879854335,1.003751943126097
154,6.17,-0.5590039659794279,0.8766947549238142,-0.6521602921785672,1.0252195310191046
155,6.21,-0.4588923960979909,0.8892698103415771,-0.6333560242522024,1.0314564537525266
156,6.25,-0.418847768145416,0.8826368981198696,-0.6162503879986766,1.0196750918575324
157,6.29,-0.43386450362763157,0.8599232939605734,-0.6011982406802684,0.9929374528527455
158,6.33,-0.3888142971809849,0.8282839431526864,-0.5884865447402426,0.9582952809314997
159,6.37,-0.4038310326632005,0.7959589028018292,-0.578347233202202,0.9238741687149117
160,6.41,-0.48892586706242197,0.7696425084290353,-0.5709823926329293,0.8962479352248162
161,6.45,-0.3988254541691286,0.7529824203488532,-0.5665905356075909,0.8789634743976532
162,6.49,-0.3938198756750568,0.7462462118998264,-0.5653777341865004,0.8722310761507567
163,6.53,-0.318736198263979,0.7455373830690399,-0.5675426954915394,0.8723339401703563
164,6.57,-0.24365252085290123,0.7427161767659252,-0.573237219505703,0.871726662549565
165,6.61,-0.2236302068766138,0.7296085958789421,-0.5825149539034224,0.8628708374919918
166,6.65,-0.1335297939833205,0.7028655579768976,-0.5952847385911488,0.8424982103638322
167,6.69,-0.0784684305485301,0.6646587025962827,-0.6112785798118673,0.8122059124095844
168,6.73,0.06168776728548175,0.6204498762703045,-0.6300351733791315,0.7765591443310934
169,6.77,0.15679375867284692,0.5758095115202231,-0.6508975998074444,0.7403357621584572
170,6.81,0.12175470921434398,0.5341864989425044,-0.6730299293206177,0.7065367126364839
171,6.85,0.1718104941550625,0.4971144898992851,-0.6954629345710395,0.6765600115574069
172,6.89,0.24689417156614027,0.45933465930821255,-0.7171741253278102,0.6458307586165218
173,6.93,0.2118551221076373,0.4006340580062062,-0.7371919110888782,0.5963910585289319
174,6.97,0.23688301457799657,0.2965458698652438,-0.7546981891995674,0.5062739585567722
175,7.01,-0.013395910125596032,0.13890480733614963,-0.7690988199560534,0.36775276770522247
176,7.05,-0.4038310326632005,-0.058830794155852816,-0.7800392639019746,0.1921606723565125
177,7.09,-1.0145116089399664,-0.26952561651792833,-0.7873582673737994,0.0030100002540196496
178,7.13,-1.4850359873827206,-0.46355748038886985,-0.790990618304367,-0.17368813720819207
179,7.17,-1.8504432174499656,-0.6167653000578845,-0.7908460550884505,-0.3162707873707114
180,7.21,-2.110733299141702,-0.7143249919308472,-0.7867006769169,-0.4109214456907446
181,7.25,-2.2659062324579295,-0.7516748930324043,-0.778136325960026,-0.4528116302434817
182,7.3,-2.3259731743867915,-0.7334582209036146,-0.7645522660652381,-0.4454512967538031
183,7.34,-2.3159620173986477,-0.6713163077050608,-0.7452552642316784,-0.39887732515317764
184,7.38,-2.145772348600205,-0.580277010126371,-0.719614142813407,-0.32649795649761787
185,7.42,-2.075694249683199,-0.4743841102029815,-0.6872487456215558,-0.24113922089811254
186,7.46,-1.97057710130769,-0.3636673732682098,-0.6482150685587251,-0.15214107164920582
187,7.5,-1.938526382210149,-0.25381326172499025,-0.6031485100222916,-0.06482937252748064
188,7.54,-1.8903877338326591,-0.14780172523291107,-0.5533336636502186,0.018183402487654477
189,7.58,-1.8055782174075987,-0.054022131141930926,-0.5006799844216142,0.0897937472676406
190,7.62,-1.6946896370284261,0.002701134203006472,-0.4475976036989797,0.12841978986351643
191,7.66,-1.5683087912100997,-0.008544707467682416,-0.3967849328065005,0.10708056314160813
192,7.7,-1.4370324896245708,-0.09989097236308063,-0.3509531018924736,0.015584551418093314
193,7.74,-1.3114475307868023,-0.257224412605858,-0.31251472553065096,-0.1328746456819136
194,7.78,-1.2021457187902505,-0.45374956681537465,-0.283261444383714,-0.31412098623991264
195,7.82,-1.1197188577283688,-0.667732145265231,-0.2640632765640454,-0.5090775750672077
196,7.86,-1.0747587516946155,-0.8914403479591771,-0.254647267131383,-0.7115689219536498
197,7.9,-1.1546678067739782,-1.129638284976363,-0.25353154916690057,-0.9266478719681253
198,7.94,-1.3749132605131398,-1.3919625168145546,-0.2581765806614843,-1.1636141266301814
199,7.98,-1.4650136734064332,-1.6847343755423188,-0.26536120784472256,-1.4286724261294814
200,8.02,-1.5250806153352954,-2.005931666943524,-0.27171356431561594,-1.720535072647631
201,8.06,-1.6251921852167324,-2.3423090891161458,-0.27425470454147816,-2.0278934813118537
202,8.1,-1.6602312346752353,-2.6680353284900424,-0.2707803796793206,-2.3280870046061737
203,8.14,-1.668820807371062,-2.9484438583487385,-0.25993991004751615,-2.590358502037581
204,8.18,-1.7338733054800204,-3.1501939809576034,-0.2409708231249747,-2.7850828151755738
205,8.22,-1.8570305587481633,-3.2492329733428402,-0.2131801885027858,-2.8909727831982455
206,8.26,-2.0073030307186954,-3.2325702676469783,-0.17537255053811068,-2.8966279839526465
207,8.3,-2.153701184934814,-3.098405253052881,-0.12545702344247908,-2.8007758390557727
208,8.34,-2.265240490518219,-2.8562774580503945,-0.060403550186706796,-2.6126142586221586
209,8.38,-2.3109264054336123,-2.530677910363563,0.023408875851173124,-2.3552639928499324
210,8.42,-2.2912494763734155,-2.1706750088897215,0.1295414198218784,-2.074357986677006
211,8.46,-2.15340085022517,-1.850783676652224,0.260716541131085,-1.8382309714145515
212,8.5,-1.9283500411316992,-1.6524693281606087,0.41809759835755256,-1.7210051244148217
213,8.54,-1.6689509524119095,-1.6372884291151135,0.6007536433990305,-1.7786169170793047
214,8.58,-1.4280474762277113,-1.8247817734319836,0.8053413341326159,-2.0285621374856055
215,8.62,-1.2584935158980175,-2.183687948323615,1.025976432169408,-2.440987647036559
216,8.66,-1.1196287573154753,-2.6376076381085705,1.2542910145068944,-2.9432836141003023
217,8.7,-0.7742438412245175,-3.0879539518263934,1.4797431792269644,-3.441142018479233
218,8.74,-0.4839202885683501,-3.4441722208118573,1.6902723894119445,-3.8467150744385528
219,8.78,-0.17858000042996713,-3.64560120147847,1.8733253306798343,-4.099286846097923
220,8.82,0.08171008126176915,-3.669040066638288,2.017149839792462,-4.172875723994234
221,8.86,0.26191090704835585,-3.524758249424472,2.112144438784465,-4.073176000360701
222,8.9,0.47715078229344543,-3.246962591401066,2.152011027953172,-3.829274551423835
223,8.94,0.5772623521748825,-2.8826244780987618,2.1344954979160513,-3.4836908208998967
224,8.98,0.49216751777566103,-2.4787817672170505,2.06159201210648,-3.0807511722482497
225,9.02,0.41708384036458324,-2.0723808262091867,1.9391987898771343,-2.65700818125751
226,9.06,0.28193322102464324,-1.6876080535951006,1.7763160897942754,-2.2384510293052418
227,9.1,0.011631982344763227,-1.3384337003582563,1.5839478134695617,-1.8424455459384912
228,9.14,-0.14854652946553604,-1.0318026982882798,1.373895579232913,-1.4800895456310545
229,9.18,-0.32874735525212273,-0.7732031599340708,1.1576208656186262,-1.1607011108972853
230,9.22,-0.5239649165209249,-0.5737274518765573,0.9453092688354695,-0.8979442187145287
231,9.26,-0.5590039659794279,-0.4448756691079321,0.7452165598758562,-0.7050203538402052
232,9.3,-0.5740207014616434,-0.38600586164256917,0.5633221398012499,-0.5832170417408941
233,9.34,-0.5339760735090686,-0.3818115137071996,0.4032698985304206,-0.5196342671558141
234,9.38,-0.5039426025446375,-0.4088816509523927,0.2665445975143368,-0.4932419609842895
235,9.42,-0.4488812391098472,-0.4435335568432975,0.15281646178979588,-0.4821497567034164
236,9.46,-0.5039426025446375,-0.4666434637592289,0.060384935794384684,-0.46816483461070624
237,9.5,-0.5590039659794279,-0.4654414504809361,-0.013342701116960709,-0.438582196198251
238,9.54,-0.5189593380268531,-0.43365469522286526,-0.07139602508538177,-0.3864661880393164
239,9.58,-0.4488812391098472,-0.3707238905362797,-0.11685873108377422,-0.3101003915170382
240,9.62,-0.2786915703114042,-0.28028626120790534,-0.15259155892420187,-0.21171410827066103
241,9.66,-0.048434959584099,-0.1684761494617884,-0.18107005048384756,-0.09597482991170593
242,9.7,0.1918328081313499,-0.0426703593483678,-0.20432140070451596,0.031129952312336114
243,9.74,0.37703921241200844,0.0894326868433211,-0.22392858873968888,0.16311242411913612
244,9.78,0.6323237156096728,0.22075287369482707,-0.24106825968700168,0.2938351328478157
245,9.82,0.7024018145266788,0.34527585962741103,-0.2565587877448656,0.4179294287587238
246,9.86,0.7174185500088943,0.4578364106292489,-0.27090851152762574,0.5306363782089772
247,9.9,0.6923906575385351,0.5541584944217781,-0.28436425453118763,0.6279229634221563
248,9.94,0.6473404510918884,0.6315077066409639,-0.2969642226453278,0.7071709663309549
249,9.98,0.49216751777566103,0.6859626799539622,-0.30859749409310644,0.7646530529992125
250,10.02,0.45712846831715803,0.70769582812145,-0.319066601078184,0.7911285399352058
251,10.06,0.31328315913301485,0.6860551065498567,-0.32814400623338574,0.7765854378645993
252,10.1,0.21814212869619085,0.6206272247543781,-0.3356113140225052,0.7205473827502656
253,10.14,0.14655735065246964,0.5239802161944236,-0.3412724220165748,0.6346367799903314
254,10.18,0.08421287050880508,0.41599689737883666,-0.3449374084760373,0.5373203414035493
255,10.22,0.01680775050763405,0.31647036467934353,-0.3463828963025252,0.4469982495295112
256,10.26,-0.06996395268710169,0.23964939046625341,-0.3453059835030242,0.3768423760555776
257,10.3,-0.19041819356844597,0.1905101523614006,-0.3412970281994636,0.33124678057087037
258,10.34,-0.35885590989396426,0.16480348311490012,-0.33385427302922865,0.30590046298129103
259,10.38,-0.3938198756750568,0.1534267734771745,-0.32244818715373064,0.29201600985332127
260,10.42,-0.32874735525212273,0.1478798567041762,-0.306621100892646,0.2815846772990361
261,10.46,-0.2136190498884701,0.1434250174940315,-0.2860890376712266,0.2703522362581065
262,10.5,-0.0584461165722427,0.13944016742198334,-0.2608083954319412,0.25804423947692245
263,10.54,0.0767045027676973,0.13821056539600035,-0.23098448676640437,0.24712501200853912
264,10.58,-0.03842380259595529,0.14345020738946568,-0.19702504300671683,0.24133799299205086
265,10.62,-0.013395910125596032,0.15922800898047798,-0.15946495507554778,0.24467694589477176
266,10.66,-0.06345169506631455,0.18897671058606672,-0.11889637671800153,0.2604911931967239
267,10.7,0.021643139332906933,0.23413408904852953,-0.07592892289421577,0.2902619405316974
268,10.74,0.06168776728548175,0.29047014830877976,-0.031186196526710407,0.3301959119794764
269,10.78,0.10173239523805656,0.3445423303248765,0.014672072906471439,0.3678755412512993
270,10.82,0.14177702319063137,0.38020053666481624,0.06092253483302942,0.3882919548414621
271,10.86,0.2018439651194936,0.38991367527981047,0.10676783166630989,0.38444272893211273
272,10.9,0.1918328081313499,0.37736439442914355,0.15136234921283365,0.35981853049264556
273,10.95,0.19683838662542175,0.353247881491804,0.19388281678767116,0.3245228279294807
274,10.99,0.07169892427362545,0.3302736230960947,0.23363363906126108,0.29062369633712964
275,11.03,-0.03842380259595529,0.3193645699002308,0.27015540160185797,0.26857313781936965
276,11.07,-0.29370830579361973,0.3275874581232232,0.30329437349235805,0.26515505814403845
277,11.11,-0.3988254541691286,0.35764684634526794,0.33320058920610907,0.2829143506943534
278,11.15,-0.48892586706242197,0.4083765258600989,0.3602488481653671,0.3206386539579404
279,11.19,-0.4839202885683501,0.47598364819128314,0.3849072913184123,0.3746168812116357
280,11.23,-0.4288589251335597,0.5553922879348265,0.40759797041223184,0.4399815656200614
281,11.27,-0.2786915703114042,0.6406728669792395,0.4285950277767132,0.5111379787788264
282,11.31,-0.10349632301888936,0.724304935859139,0.4479891358413899,0.5810382845262095
283,11.35,-0.023407067113739737,0.7980832188303908,0.46571981268944507,0.6420141283092456
284,11.39,0.21686070060170914,0.8565593962015843,0.4816526435010219,0.6890247806636464
285,11.43,0.4120782618705114,0.8994271408785471,0.4956672049071575,0.7218733742649351
286,11.47,0.5822679306689543,0.930731625333353,0.5077264999205608,0.7444442100273194
287,11.51,0.6173069801274573,0.9561986857474327,0.517913094054232,0.7621912345848647
288,11.55,0.5422233027163795,0.9779177472516689,0.5264305634563264,0.7772754975313287
289,11.59,0.46713962530530173,0.9891786125742116,0.5335762056621624,0.7838952502721344
290,11.63,0.35201131994164914,0.9796338302132928,0.5396938832348124,0.772881383559053
291,11.67,0.3269834274712899,0.945888422003604,0.5451166807168825,0.7411670407420693
292,11.71,0.31196669198907434,0.89448083309375,0.5501070840311556,0.694488850495602
293,11.75,0.26191090704835585,0.83625358777166,0.5547991173817814,0.6424164523346947
294,11.79,0.3169722704831462,0.7786396153965016,0.5591481495545394,0.5915080987841458
295,11.83,0.37703921241200844,0.7249489385448641,0.5629010141493348,0.5446890236646784
296,11.87,0.5121898317519484,0.6783630550235968,0.5656024340505778,0.5048076158311608
297,11.91,0.5822679306689543,0.641917421027391,0.5666439840929874,0.47457326396015637
298,11.95,0.6923906575385351,0.6147553186649639,0.565343317358408,0.45311195867849025
299,11.99,0.7824910704318284,0.5921168680588114,0.5610300121212135,0.4359532786459103
300,12.03,0.6923906575385351,0.5702442517438953,0.5531189306622019,0.4196104869086723
301,12.07,0.5322121457282358,0.5493105569391001,0.5411641611562529,0.40436891238544614
302,12.11,0.34200016295350544,0.5326510176892979,0.5248934412713561,0.3935744211285495
303,12.15,0.10673797373212841,0.5244435001311061,0.5042226208624859,0.39139168262503565
304,12.19,-0.0684572735603864,0.5277425541399386,0.4792498174559985,0.40088436933282223
305,12.23,-0.1935967359121827,0.5406050896180282,0.4502334129983228,0.4204138946856539
306,12.27,-0.34876966922841013,0.5529597285123844,0.41756263384280806,0.44081573801805324
307,12.31,-0.4388700821217034,0.5525275460102373,0.38172813135275696,0.45083587324131646
308,12.35,-0.5089481810387094,0.5340944721160774,0.3432912120051183,0.4455701710755725
309,12.39,-0.5089481810387094,0.5019061456583598,0.30283907288195955,0.4286346262310599
310,12.43,-0.4939314455564938,0.4663279112715542,0.2609110852886993,0.4091665270407824
311,12.47,-0.43386450362763157,0.43875646008389413,0.21789756011306624,0.3972792016496373
312,12.51,-0.3337529337461946,0.42707806919031843,0.1739406979691949,0.3999878535880769
313,12.55,-0.353775247722482,0.4300399265528243,0.1288853366719086,0.41598617937510024
314,12.59,-0.3137306197699071,0.432364430518998,0.0823177238395493,0.43093933192129985
315,12.63,-0.3037194627817634,0.41242700979034697,0.03369724472424242,0.4245832303003622
316,12.67,-0.3737975616987694,0.35837622887583825,-0.01745375015502685,0.38590791908540345
317,12.71,-0.3788031401928412,0.27479816751604164,-0.07136584170313305,0.3194323889929418
318,12.75,-0.34876966922841013,0.17682181724092103,-0.12791271780512534,0.23958353758117493
319,12.79,-0.3637864047106257,0.07984286074683193,-0.1866167517472686,0.16092207654035434
320,12.83,-0.43386450362763157,-0.005173763843091448,-0.24676062671041862,0.09372617020629131
321,12.87,-0.418847768145416,-0.0712998698830087,-0.3075513351723433,0.044431868052093634
322,12.91,-0.4438756606157753,-0.11391286733142265,-0.36827238621477076,0.017352015356944306
323,12.95,-0.3587808262165538,-0.1299486484459637,-0.4283832941018665,0.015437990993655434
324,12.99,-0.4088366111572723,-0.11884429448460436,-0.4875568699510743,0.039376822636779156
325,13.03,-0.3687919832046975,-0.0832617193087418,-0.5456623987011432,0.08686657039582134
326,13.07,-0.33875851224026643,-0.028039088280127106,-0.6027059661613643,0.1535383912265139
327,13.11,-0.353775247722482,0.041064425073568736,-0.6587394524339556,0.23404488249883135
328,13.15,-0.3437640907343383,0.11538569469571928,-0.7137539102017957,0.3201309775279593
329,13.19,-0.418847768145416,0.18062834490212856,-0.7675794652720679,0.3980636019427326
330,13.23,-0.4689035530861346,0.22252383508729412,-0.8198166696218735,0.4540324427983545
331,13.27,-0.4488812391098472,0.23598715214948962,-0.8698170663674045,0.4828677186141428
332,13.31,-0.43386450362763157,0.22675783990956438,-0.9167117108299392,0.48960605190613227
333,13.35,-0.3437640907343383,0.2068343213874417,-0.9594661329258982,0.4851684352668812
334,13.39,-0.3637864047106257,0.1890253899309014,-0.9969367660202786,0.4812326267276368
335,13.43,-0.3737975616987694,0.18322426513863363,-1.027921678633492,0.48673976900738164
336,13.47,-0.3687919832046975,0.1951537330234624,-1.0512207427146854,0.5067230665396684
337,13.51,-0.3888142971809849,0.22564982293527314,-1.0657269225834383,0.5416509089749569
338,13.55,-0.3838087186869131,0.26750677356755415,-1.0705561809251802,0.5845758378141771
339,13.59,-0.3838087186869131,0.30391654478004354,-1.0651989552169425,0.6198463996458256
340,13.63,-0.3587808262165538,0.317209607589204,-1.0496553814093388,0.6312371791359274
341,13.67,-0.3237417767580508,0.30053081081993316,-1.0245077066244295,0.612598147195943
342,13.71,-0.3437640907343383,0.2604325116113113,-0.9908891731490331,0.5701533088138553
343,13.75,-0.24865809934697308,0.211544743342548,-0.95033177990564,0.5175918416735569
344,13.79,-0.24865809934697308,0.16920859928834753,-0.904515350651359,0.46931212911966697
345,13.83,-0.2987138842876916,0.14476350834789778,-0.8549830809791394,0.4360595019053709
346,13.87,-0.3687919832046975,0.14444492455412855,-0.8029097750165408,0.42383711771810506
347,13.91,-0.3888142971809849,0.16988120072396926,-0.7489930621845713,0.4342885202541934
348,13.95,-0.4288589251335597,0.21718299792510026,-0.6934918867849132,0.463814681050306
349,13.99,-0.42385334663948787,0.2760293217321141,-0.6363839214047529,0.502759557056006
350,14.03,-0.41384218965134417,0.3341890287770152,-0.5775782181244222,0.5397096951940334
351,14.07,-0.42385334663948787,0.3846511970911732,-0.5171121566191624,0.5682219108287497
352,14.11,-0.4939314455564938,0.427510709191797,-0.455277523081654,0.5886039325860261
353,14.15,-0.5690151229675716,0.46770226326295145,-0.3926480895514158,0.60577599178168
354,14.19,-0.7291936347778708,0.5113298920184493,-0.33001204796095496,0.6258009004879215
355,14.23,-0.8893721465881701,0.562718399429927,-0.26824039461846805,0.6530870309219868
356,14.27,-0.9494390885170323,0.6215839388806068,-0.20813877313526857,0.6876961067859122
357,14.31,-1.0195171874340383,0.6805999332170724,-0.15032937833861096,0.723015807158656
358,14.35,-1.059561815386613,0.7294190020863809,-0.09519275062839076,0.7495061567094088
359,14.39,-1.0545562368925412,0.7624413927550784,-0.04287624182735306,0.7620018234133474
360,14.43,-1.0495506583984693,0.7809749577550821,0.006641854961529148,0.7617708771252507
361,14.47,-0.9794725594814635,0.7887367153420533,0.0534519657686525,0.7523574615718754
362,14.51,-0.959450245505176,0.7857688864132285,0.09760010563709741,0.7339366764937578
363,14.55,-0.8743554111059546,0.7693841406708635,0.13898914488843309,0.7041934857189341
364,14.6,-0.6641211143549368,0.7403493791713777,0.17732298363889615,0.6640926558559689
365,14.64,-0.47891471007427827,0.7045217863644863,0.21211682161373183,0.6193795390488107
366,14.68,-0.3698431546884528,0.6701984184502291,0.24278259755376577,0.578066992068178
367,14.72,-0.2722443852110396,0.6447425144234248,0.26877636477767114,0.5472090608024739
368,14.76,-0.18694432209356032,0.6323468682060154,0.28977017916490344,0.5307577713616086
369,14.8,-0.11475887463055104,0.6340755053375249,0.30579699265073756,0.5295692948206686
370,14.84,-0.056508957695036034,0.6491377320991962,0.31732249413146313,0.5425631209782156
371,14.88,-0.013025497317034368,0.6753665965831419,0.32522138578837684,0.5672060167525056
372,14.92,0.014880602787415296,0.7087056614225725,0.3306657722578313,0.5991413145808357
373,14.96,0.026383422166793558,0.7434083422313378,0.3349568700638124,0.6324067564177529
374,15.0,-0.0684572735603864,0.7733565246358242,0.3393405086523918,0.6606559411971861
375,15.04,-0.10850190151296121,0.7929777455494441,0.34484243298822087,0.6781180305438035
376,15.08,-0.2236302068766138,0.7974734350372006,0.35214746904642547,0.6800015991383657
377,15.12,-0.2236302068766138,0.7833242874661542,0.361533722031301,0.6630966779742825
378,15.16,-0.318736198263979,0.7491605584354064,0.3728618964060169,0.6265584178666379
379,15.2,-0.3888142971809849,0.6968469834589558,0.3856105678133625,0.5727340220770339
380,15.24,-0.3938198756750568,0.6325976035801282,0.3989416381040169,0.5079494585605343
381,15.28,-0.3087250412758353,0.5643685220440444,0.4117784464509045,0.43997010363684985
382,15.32,-0.0684572735603864,0.4964440556489573,0.4228831800348659,0.3730614774659969
383,15.36,0.15178818017877507,0.42994957739471806,0.4309287164580059,0.30856504587292116
384,15.4,0.32197784897721804,0.3674285898860441,0.4345679567357076,0.24913478700987585
385,15.44,0.5171954102460202,0.31423414056827864,0.43250513642033894,0.19999745042418765
386,15.48,0.7574631779614691,0.27603385045198436,0.4235689905178165,0.16662765029284948
387,15.52,0.7124129715148225,0.2510975446940861,0.40678500801830464,0.14745537858176275
388,15.56,0.6123014016333854,0.22254970569779015,0.38144742184504554,0.12660867245078714
389,15.6,0.4220894188586551,0.1666906287340465,0.3471954769438233,0.08192431322762043
390,15.64,0.29194437801278694,0.0720448371989201,0.3040976954424277,0.002887812020142765
391,15.68,0.14177702319063137,-0.05289987033979786,0.2527442633688336,-0.10226321979628127
392,15.72,0.09172123824991286,-0.18581450060952137,0.19434107040502205,-0.21251958893714817
393,15.76,0.01663756083883508,-0.30116328413931015,0.1307834381930929,-0.30422848990515716
394,15.8,-0.018401488619667884,-0.37843359706696034,0.06466708030027378,-0.3588432700328462
395,15.84,-0.028412645607811586,-0.40619939484266065,-0.000812544137852703,-0.36664027992155007
396,15.88,-0.03341822410188344,-0.3824227915532609,-0.06209874789448894,-0.3268611646216423
397,15.92,-0.003384753137452328,-0.31229861871342396,-0.11563161316925762,-0.24555593841803888
398,15.96,-0.04342938109002714,-0.20541634502652437,-0.15826333380971436,-0.13278888621686039
399,16.0,-0.11350748000703308,-0.07301020188520525,-0.18764651975169977,5.470511565589433e-05
400,16.04,-0.19860231440625456,0.0738397009486424,-0.20251650519716258,0.14207007849716285
401,16.08,-0.22863578537068566,0.2218426843792721,-0.202815107456811,0.28074980293746793
402,16.12,-0.17858000042996713,0.3511955882088148,-0.18963954776093916,0.3979961717165867
403,16.16,-0.2036078929003264,0.44210084020364093,-0.16503638344110028,0.4760385482188947
404,16.2,-0.09849074452481751,0.4874082243544277,-0.13168805716399193,0.509000928754495
405,16.24,0.031654296321050636,0.49536604310286475,-0.09255285902889378,0.5053365002560625
406,16.28,0.031654296321050636,0.48318442192377875,-0.050516750724927506,0.48177836663743684
407,16.32,0.07169892427362545,0.46896668451835694,-0.00810321956022872,0.45583014580013476
408,16.36,0.09672681674398471,0.4649793962237562,0.03272779108176872,0.43957407837081247
409,16.4,0.006626403850691376,0.4739499305419534,0.07067588807172048,0.4362712459399537
410,16.44,0.04166545330919434,0.4922916554926996,0.1050906491015557,0.44318355640539475
411,16.48,0.086715659755841,0.5162047358180758,0.13587077854930393,0.4570202835290191
412,16.52,0.22186627909578102,0.544402068700209,0.16329730486650784,0.4764659586198977
413,16.56,0.4871619392815892,0.5773943792958218,0.18783302124649354,0.5016735580943232
414,16.6,0.7174185500088943,0.6159992359361268,0.20992617519908024,0.5330400358176125
415,16.64,0.9777086317006306,0.6604178116477203,0.2298594700628573,0.5704690092721828
416,16.68,1.167920614475361,0.7091810377690232,0.24767806916248947,0.6124519751610034
417,16.72,1.5032943735781752,0.7588638743785895,0.26320861835860243,0.6557636314697473
418,16.76,1.7585788767758395,0.8053536511072139,0.27615279905092055,0.6965961783969344
419,16.8,1.9738187520209292,0.8455197956192894,0.2862175984140207,0.7320785894060531
420,16.84,2.184053048771947,0.877139761896111,0.2932394655353542,0.7601491060625672
421,16.88,2.389281767028893,0.897211684371933,0.29726969091389305,0.7779490660229531
422,16.92,2.6095272207680544,0.9031737696376057,0.29860579564236334,0.7830178585445445
423,16.96,2.729661104625779,0.8957323672243424,0.2977698751156185,0.7760123723051181
424,17.0,2.7446778401079945,0.8794653365743155,0.2954453088239793,0.7612309318097582
425,17.04,2.554465857333264,0.861227598914785,0.2923887900858627,0.7450323231010859
426,17.08,2.419315237993324,0.8472152346901537,0.2893370105559548,0.7330332122190687
427,17.12,2.2641423046770965,0.8401184920106219,0.2869258594437783,0.727447625822779
428,17.16,2.1289916853371564,0.8397288678939919,0.2856341772287142,0.7277372599423577
429,17.2,2.0288801154557197,0.8457478858866693,0.28575687899934704,0.7333607237657072
430,17.24,1.9437852810564982,0.8589762197858286,0.28740733413712405,0.7449366796150785
431,17.28,1.7936179262343426,0.8804704954513775,0.2905460176599299,0.7634472818053828
432,17.32,1.738556562799552,0.9102750482824005,0.2950286187744148,0.789012688284635
433,17.36,1.6684784638825463,0.9471627591882954,0.3006616966180114,0.8206191058234547
434,17.4,1.5883892079773967,0.9887657447801715,0.3072510057057773,0.8562279988376741
435,17.44,1.5883892079773967,1.0323300246346025,0.3146297960182825,0.8934426687386186
436,17.48,1.5333278445426062,1.0754571967621998,0.3226619189928153,0.9301467762042613
437,17.52,1.4782664811078159,1.1160932010507651,0.3312248632472088,0.9644700546851757
438,17.56,1.4882776380959595,1.1522225547634803,0.34018585896585524,0.9945177090691915
439,17.6,1.5032943735781752,1.1819850045890328,0.34938485518647694,1.0185224557084016
440,17.64,1.4932832165900314,1.203902361210622,0.35863088936088977,1.0350801666566847
441,17.68,1.5833836294833248,1.2150650065407875,0.3677084028945084,1.0413117386791562
442,17.72,1.5984003649655403,1.2075512107048745,0.37638440508587545,1.0293800373607105
443,17.76,1.6284338359299715,1.1700844943354438,0.3844089284876079,0.9883181055693737
444,17.8,1.6885007778588337,1.0968156790945431,0.391506466319068,0.9126968179140404
445,17.84,1.8336625541869174,0.9932814349833581,0.39735917624372225,0.8083211883622375
446,17.88,1.8987350746098515,0.8743842666424172,0.401582898136774,0.6901265557288799
447,17.92,1.9037406531039232,0.7584391317436814,0.40370036056885916,0.5762698939071377
448,17.96,1.7535732982817678,0.6615086880844455,0.4031254106453351,0.48254965834035807
449,18.0,1.6584673068944025,0.5933099730664189,0.39918048952460367,0.418451570056214
450,18.04,1.4831168866685718,0.5561903987981135,0.39116575771383577,0.38621773697548045
451,18.08,1.308081817887868,0.5473466882827286,0.378479669254293,0.38303403720757306
452,18.12,1.168230960341993,0.5617247637305385,0.360767032673712,0.40387245528764143
453,18.16,1.0599903309861842,0.5937416048077411,0.3380549820170484,0.4431868377972375
454,18.2,0.9797809411971775,0.637831082595201,0.31083664590776555,0.4954070979098711
455,18.25,0.913492065200182,0.6888272828631429,0.28007513580928733,0.5552163308351881
456,18.29,0.8832833989884591,0.7422665156934607,0.2471209875847501,0.6178037350294449
457,18.33,0.8694830190803027,0.794313432601028,0.21355792749073496,0.6788630371942929
458,18.37,0.862580326336978,0.8418505243484479,0.18100925368885912,0.7348064386172509
459,18.41,0.727429706997038,0.8828963620912598,0.15094619514582416,0.7832910223212213
460,18.45,0.7024018145266788,0.9168343656578525,0.1245381614899459,0.8235082574371961
461,18.49,0.7074073930207506,0.944089977280935,0.1025728276850965,0.8558567910435082
462,18.53,0.6223125586215291,0.9656711551938482,0.08545414349353009,0.8814009030851325
463,18.57,0.43710615434087063,0.9826302514551137,0.07326426530500989,0.9012452449965984
464,18.61,0.26191090704835585,0.995593745086936,0.06585896977281584,0.9160261922940586
465,18.65,-0.003384753137452328,1.0050120450279667,0.06296232060057613,0.9261585272706371
466,18.69,-0.16856884344182343,1.011813269637036,0.06423675859052282,0.9325232061285837
467,18.73,-0.3087250412758353,1.0176100856316752,0.06932327465282105,0.9367129294587707
468,18.77,-0.3988254541691286,1.0242620729954643,0.07786214692695548,0.9406222248858982
469,18.81,-0.5590039659794279,1.0329293009049345,0.08950944882069821,0.9455255951289105
470,18.85,-0.6941545853193679,1.039499147392006,0.10395758422075309,0.9478722576808164
471,18.89,-0.7742438412245175,1.0292903176659456,0.12095585584073017,0.9344812903053337
472,18.93,-0.8343107831533797,0.985237204510851,0.14031705739489878,0.889989200967361
473,18.97,-0.8793609896000264,0.902760941268421,0.16189115848810276,0.8103164502670632
474,19.01,-0.8693498326118827,0.7915636167160248,0.18548666857674825,0.7042160669216044
475,19.05,-0.894377725082242,0.6669625454297753,0.21072995526088253,0.5854071816918175
476,19.09,-0.8693498326118827,0.5439128236003106,0.2368825339630492,0.4673435314652497
477,19.13,-0.8443219401415234,0.43608798036035795,0.2626776117348333,0.3626341286232068
478,19.17,-0.9144000390585294,0.3550401349470839,0.28625776928472446,0.2823655045156542
479,19.21,-0.9744669809873916,0.3084702722621202,0.3052715877804182,0.23444630711643888
480,19.25,-1.0095060304458945,0.2988519797336396,0.31712959810935165,0.22216500598288805
481,19.29,-1.1196287573154753,0.3235276845613205,0.3193629437150271,0.24404731864871695
482,19.33,-1.1897068562324813,0.37610250887228247,0.3099977455900732,0.2949447253752618
483,19.37,-1.3899299959953553,0.4475154301454019,0.2878599661066555,0.3669146355220389
484,19.41,-1.500052722864936,0.5262970930840136,0.2527511694031704,0.44942971449634633
485,19.45,-1.5400973508175109,0.6007691788594138,0.20547216306017424,0.5314586456234357
486,19.49,-1.5451029293115828,0.6629842849611155,0.14770625532005663,0.6052143235638493
487,19.53,-1.6502200776870917,0.7103267789528807,0.08179681690632826,0.6677039362490637
488,19.57,-1.7453260690744568,0.744556931084667,0.010462565108464989,0.7198810317864042
489,19.61,-1.6502200776870917,0.7698784885214485,-0.06350591869033681,0.7649000930327577
490,19.65,-1.6452144991930198,0.7907795132037656,-0.13752724708682124,0.8061859456204827
491,19.69,-1.7353149120863132,0.8103060711264544,-0.2094510154062671,0.8459188357701106
492,19.73,-1.705281441121882,0.8287888934414543,-0.27769322860932627,0.8839343330560815
493,19.77,-1.70027586262781,0.8354205534444668,-0.34127470483484423,0.9101073017069016
494,19.81,-1.7353149120863132,0.7983135451606391,-0.39977155930782304,0.8953325971499413
495,19.85,-1.7353149120863132,0.6820359792550185,-0.45320389608436135,0.8073715960449107
496,19.89,-1.6952702841337384,0.4773771799456495,-0.501897945645376,0.6377561866496134
497,19.93,-1.7353149120863132,0.20669779528328203,-0.5463559407933481,0.4066544233298431
498,19.97,-1.6952702841337384,-0.08927920067056824,-0.5871573526453739,0.15082798376374204
499,20.01,-1.7152925981100258,-0.36787443823422855,-0.624897784438849,-0.09137608227622719
500,20.05,-1.7403204905803848,-0.5964486350346131,-0.6601549834306827,-0.2908448347683293
501,20.09,-1.605169871240445,-0.7575239221242479,-0.6934628468519318,-0.43211111921371864
502,20.13,-1.635203342204876,-0.8482774547809729,-0.7252764527106552,-0.5127004344509882
503,20.17,-1.5601196647937983,-0.8764540323295112,-0.7559208623155073,-0.5393277726446924
504,20.21,-1.4850359873827206,-0.8549430041139172,-0.7855285213394871,-0.5230152513266243
505,20.25,-1.364902103524996,-0.7973080263718109,-0.8139794519093395,-0.4751982364602934
506,20.29,-1.3398742110546369,-0.7155595253697323,-0.8408615257228357,-0.4058579768199245
507,20.33,-1.3498853680427805,-0.6286311321018765,-0.8654647196565984,-0.3312546828358369
508,20.37,-1.3749132605131398,-0.575387077898873,-0.8868161166556884,-0.28568834697832574
509,20.41,-1.4249690454538582,-0.5985871543267329,-0.9037544535689421,-0.30717659534470987
510,20.45,-1.4399857809360739,-0.7120211668734138,-0.915034624352197,-0.40809590281204505
511,20.49,-1.5200750368412235,-0.891721116161112,-0.9194427678472761,-0.5673796971952246
512,20.53,-1.4700192519005049,-1.0911559099423942,-0.9158958071785878,-0.7441123375429605
513,20.57,-1.4950471443708642,-1.261986037890985,-0.903505648751796,-0.8960031204327293
514,20.61,-1.5200750368412235,-1.368274102182564,-0.8816098803503583,-0.9919413227157315
515,20.65,-1.570130821781942,-1.391937419373874,-0.8497934713548675,-1.0166825831040993
516,20.69,-1.4550025164182894,-1.331417812039977,-0.8079311431055133,-0.9695221191151685
517,20.73,-1.4399857809360739,-1.196894533335822,-0.7562630493223629,-0.8599835165805314
518,20.77,-1.42997462394793,-1.0050178564636256,-0.6954892410939736,-0.7031149302104821
519,20.81,-1.4550025164182894,-0.7747626069193805,-0.6268479374604478,-0.5157560330161483
520,20.85,-1.4750248303945768,-0.5249586217565139,-0.5521386287424611,-0.3143051977960583
521,20.89,-1.4600080949123613,-0.2801374169279579,-0.4736633979715992,-0.11963056321032615
522,20.93,-1.4499969379242175,-0.0809817259946447,-0.39408225242486705,0.03405232491214483
523,20.97,-1.4900415658767923,0.02828629727736406,-0.3162028124726986,0.10978804090013028
524,21.01,-1.4399857809360739,0.02886827613599928,-0.2427464895638401,0.09234525920645185
525,21.05,-1.7303093335922413,-0.06242642170116132,-0.17614986120517817,-0.003173671643323037
526,21.09,-1.7803651185329599,-0.20486784428365046,-0.11846089147508773,-0.14124849713324006
527,21.13,-1.7202981766040975,-0.3521628102981499,-0.07135820689565421,-0.2815662544981252
528,21.17,-1.7102870196159539,-0.4665867405709708,-0.03626126812710864,-0.391097080729804
529,21.21,-1.7453260690744568,-0.5264607609900303,-0.014445661084021302,-0.45053454651667707
530,21.25,-1.7653483830507442,-0.5393478873334827,-0.007070342389632141,-0.4655253722356686
531,21.29,-1.9155157378728997,-0.5580841043193119,-0.015070013164474049,-0.4803739889591133
532,21.33,-1.9655715228136184,-0.6570949959889187,-0.038935640123719986,-0.5582777076004031
533,21.37,-2.020632886248409,-0.8781912618171083,-0.07845235935552705,-0.7352726450979985
534,21.41,-2.1607890840824204,-1.2051379710050294,-0.13245480233471724,-0.9981785669594342
535,21.45,-2.1407667701061333,-1.578818595654286,-0.19861439682990328,-1.297348754983184
536,21.49,-2.1207444561298456,-1.92730637235407,-0.27325616881250053,-1.572397289153887
537,21.53,-2.0006105722721212,-2.192833285707862,-0.3512517771213484,-1.7756300236774938
538,21.57,-2.0256384647424803,-2.3475663535079563,-0.4261059472898872,-1.885984326607981
539,21.61,-1.975582679801762,-2.390480078596728,-0.4903599843752035,-1.9058952234154742
540,21.65,-1.9305324733551152,-2.33302612494016,-0.5363410500330091,-1.847956111313636
541,21.69,-1.9155157378728997,-2.1892932966554626,-0.5571339658250541,-1.7259256441148665
542,21.73,-1.3098407400902057,-1.9732158241505235,-0.5475342975228956,-1.5523600027908373
543,21.77,-1.15967338526805,-1.6988213205908191,-0.5047294626089335,-1.3390536599484015
544,21.81,-1.1746901207502656,-1.3806444533058768,-0.4285532231888662,-1.0976072600293378
545,21.86,-1.164678963762122,-1.0339870500697659,-0.3213077818161414,-0.8398738525378603
546,21.9,-1.1496622282799065,-0.6755030040463238,-0.1872694839755761,-0.5786573179658355
547,21.94,-1.1096176003273317,-0.3370097815236134,-0.03204404006886408,-0.33973182015306
548,21.98,-1.1997180132206249,-0.08397852721424238,0.1380815698193136,-0.17774688216471254
549,22.02,-1.2447682196672716,0.008267567634366235,0.3166961870262463,-0.15582583753547594
550,22.06,-1.399941152983499,-0.0943083250520212,0.49768145409933967,-0.30181024213050095
551,22.1,-1.3398742110546369,-0.36096894931693874,0.6754531316678107,-0.5878659520094532
552,22.14,-1.2798072691257745,-0.7140114644941137,0.8449950949016496,-0.94561241964657
553,22.18,-1.2147347487028406,-1.0630580535986967,1.0016995202592747,-1.295608972072133
554,22.22,-1.229751484185056,-1.334006606636968,1.1411190513625729,-1.5723691929172288
555,22.26,-1.1796956992443375,-1.4887568710778418,1.2588094265716145,-1.7415828074700013
556,22.3,-1.2197403271969123,-1.5336824087213983,1.3504219117771987,-1.8076038885131902
557,22.34,-1.2748016906317028,-1.5048653999423347,1.4120892226863961,-1.8007267626005703
558,22.38,-1.1546678067739782,-1.4402049224004476,1.4409985278712596,-1.7531393164963265
559,22.42,-1.0745785508688286,-1.3615415657782792,1.4359378875418227,-1.6832808073344812
560,22.46,-1.064567393880685,-1.2731987457551872,1.3975916099476493,-1.5945911436194995
561,22.5,-1.0145116089399664,-1.1697283978992337,1.328456236271686,-1.4824323544647924
562,22.54,-0.859338675623739,-1.0442795071587518,1.2324066999894,-1.3414668076180674
563,22.58,-0.8693498326118827,-0.8940444546313928,1.1140776839840567,-1.1703674488207079
564,22.62,-0.7291936347778708,-0.7218054982776273,0.978270548630388,-0.9730274856928918
565,22.66,-0.5389816520031405,-0.534637282285463,0.8295429371152664,-0.7572504488131456
566,22.7,-0.4588923960979909,-0.3419692719841013,0.6720320340537113,-0.5329246783692312
567,22.74,-0.3437640907343383,-0.1534420177306032,0.5094644834451717,-0.31005210442167125
568,22.78,-0.3838087186869131,0.023097129966769877,0.34525575029004457,-0.09692852761435887
569,22.82,-0.41384218965134417,0.18218526506489924,0.18260469454931794,0.10035730127009881
570,22.86,-0.4839202885683501,0.3163163105693598,0.024526074268388393,0.2737132316449121
571,22.9,-0.5089481810387094,0.4097004533706269,-0.1261915230525916,0.40716923573338304
572,22.94,-0.49893702405056567,0.4458376834139849,-0.26708080183189864,0.484143618888977
573,22.98,-0.3737975616987694,0.4224885222173963,-0.3961040478193905,0.5017097445840708
574,23.02,-0.3737975616987694,0.35483709393377544,-0.5117281637997197,0.47362931305763434
575,23.06,-0.3437640907343383,0.2678666581220192,-0.6129265558619202,0.42312127334036354
576,23.1,-0.34876966922841013,0.1867284253265097,-0.6990952863096307,0.3737144683090918
577,23.14,-0.34876966922841013,0.13014692043476975,-0.7699141645888938,0.3429760111607755
578,23.18,-0.4588923960979909,0.1051067039432592,-0.8252172734718898,0.33749100940891924
579,23.22,-0.4288589251335597,0.10263770456734553,-0.864936773087672,0.3489146677379995
580,23.26,-0.3737975616987694,0.10323929286743554,-0.8891478389496499,0.35902326598331724
581,23.3,-0.3237417767580508,0.09101076204290054,-0.8981957965054741,0.3529296799654753
582,23.34,-0.1335297939833205,0.06306134906643523,-0.8928583573852555,0.3279247923819121
583,23.38,-0.11851305850110493,0.027766971036656693,-0.874495443840569,0.2918999937946542
584,23.42,-0.048434959584099,-0.002336665117526843,-0.8451499509075963,0.25680550449512596
585,23.46,-0.028412645607811586,-0.01651366172471871,-0.8075666831623366,0.23323689968099495
586,23.5,0.021643139332906933,-0.009054295356379817,-0.7650965113528668,0.22751169414050942
587,23.54,0.0566821887914099,0.01632322767724539,-0.7214656722425165,0.23742321479051898
588,23.58,0.12676028770841583,0.04198665423765347,-0.6804237795639267,0.2478057212482252
589,23.62,0.3169722704831462,0.04533238896191854,-0.6453257150095125,0.2387795416655724
590,23.66,0.5372177242223076,0.015587412099333718,-0.6187274614042833,0.20138644095023736
591,23.7,0.6323237156096728,-0.04075355166935259,-0.6020670543286756,0.1424933297163732
592,23.74,0.6673627650681758,-0.10577658019058414,-0.5954688681571929,0.07915570250239194
593,23.78,0.8325468553725469,-0.15946219585941673,-0.5976834309709247,0.029841864531810362
594,23.82,0.7424464424792536,-0.19246034672995777,-0.6061732475774042,0.002498125007285551
595,23.86,0.41708384036458324,-0.22191500425937016,-0.6173613547479792,-0.02018538812467906
596,23.9,0.10673797373212841,-0.2898814161250596,-0.6270452802989044,-0.07919337960981039
597,23.94,-0.10850190151296121,-0.43283073221522284,-0.6309362040192729,-0.21040733503484207
598,23.98,-0.32874735525212273,-0.6514614270842981,-0.6252289207178243,-0.4158947923642169
599,24.02,-0.3888142971809849,-0.9106097982996814,-0.6070729861778349,-0.6635933533634356
600,24.06,-0.49893702405056567,-1.159455132852628,-0.5748277064282948,-0.9062873859802346
601,24.1,-0.8893721465881701,-1.354180363480952,-0.5280518941170698,-1.1029925172561739
602,24.14,-0.9494390885170323,-1.4719491452769722,-0.4672760593251139,-1.2322045828400074
603,24.18,-1.0295283444221819,-1.509494500260361,-0.3936786052057131,-1.2907451097110114
604,24.22,-1.0845897078569724,-1.4732890691716183,-0.3088010547185191,-1.2846075262397219
605,24.26,-1.0996064433391879,-1.3779649948476702,-0.21439152855197854,-1.2273297317180072
606,24.3,-1.1546678067739782,-1.2558436854063433,-0.1123914437861344,-1.1485766317241775
607,24.34,-1.129639914303619,-1.1572397569096724,-0.005013518837427916,-1.0942057837198818
608,24.38,-1.1947124347265532,-1.1250451796448842,0.10517347553949465,-1.1028300054092293
609,24.42,-1.1096176003273317,-1.166744896491791,0.215222970378603,-1.1801586027157929
610,24.46,-0.9394279315288886,-1.2542318811038606,0.3218699213435497,-1.2989594991467344
611,24.5,-0.41384218965134417,-1.3424732599231564,0.4216401620103939,-1.4163393995050682
612,24.54,-0.3587808262165538,-1.389229104672611,0.5109725986402531,-1.4919572547798088
613,24.58,-0.27368599181733233,-1.3672296307120804,0.5863527991982966,-1.4993015976013178
614,24.62,-0.20861347139439826,-1.2677986752272556,0.6444918296808003,-1.4291030384523935
615,24.66,-0.24365252085290123,-1.0988700104756897,0.6825802700269542,-1.2875594794237426
616,24.7,-0.6841434283312242,-0.8889380075380174,0.6986038839714478,-1.1000870777958494
617,24.74,-0.6791378498371523,-0.6932572134206886,0.6916563919495973,-0.9172118578449138
618,24.78,-0.5790262799557153,-0.5711327977955417,0.6621611425277234,-0.7937064630363982
619,24.82,-0.5489928089912842,-0.5499284820489921,0.6119336827040179,-0.7553997292605518
620,24.86,-0.5940430154379308,-0.6197566986703722,0.5440730622757719,-0.7943577855952053
621,24.9,-0.6290820648964338,-0.7586200051010613,0.4627283531133318,-0.8919820041833787
622,24.94,-0.8192940476711642,-0.9563130557442334,0.3728083217033526,-1.0406720005244936
623,24.98,-0.6691266928490086,-1.2078808839111916,0.27967415555778935,-1.2377288697436604
624,25.02,-0.6040541724260745,-1.492690162674677,0.18880366499243226,-1.4660937406370431
625,25.06,-0.4288589251335597,-1.7719272366751193,0.10538118999761018,-1.6919423057034266
626,25.1,-0.2336413638647575,-2.0011838930034376,0.03378398023027884,-1.8760371199892576
627,25.14,-0.048434959584099,-2.1453619268489734,-0.022989661814278948,-1.9871862837230465
628,25.18,0.06168776728548175,-2.192610553572853,-0.06381204753195015,-2.0149232927827447
629,25.22,0.14678260168470322,-2.1614744009315174,-0.08965675278099342,-1.9760457721926115
630,25.26,0.22186627909578102,-2.0862817868420476,-0.10343817157686976,-1.901185997446856
631,25.3,0.34200016295350544,-1.9929857308035228,-0.10945023974787794,-1.8127381869064005
632,25.34,0.5121898317519484,-1.8907628766773013,-0.11251665671073624,-1.717450866078654
633,25.38,0.5372177242223076,-1.7775380907172278,-0.11703733344064855,-1.6118924296996144
634,25.42,0.5021786747638047,-1.647386169045255,-0.12613375891750614,-1.4895300328741423
635,25.46,0.35201131994164914,-1.4952372769618638,-0.14107326253939054,-1.345167963452024
636,25.51,0.17681607264913435,-1.3196893690037277,-0.16109204900094606,-1.177587615987738
637,25.55,0.026648717826978783,-1.1245134571827726,-0.18364298315588223,-0.9909621082860357
638,25.59,-0.10850190151296121,-0.9194178363050403,-0.20498984657715832,-0.7955111668546337
639,25.63,-0.1335297939833205,-0.7173638771514502,-0.2209915474930422,-0.6047636005121929
640,25.67,-0.12852421548924864,-0.5289029236484485,-0.22789207491654637,-0.42992588854050595
641,25.71,-0.10349632301888936,-0.358662561498395,-0.2229540252338201,-0.27627050331137226
642,25.75,-0.16356326494775159,-0.20539958181680623,-0.20482804676336744,-0.14297511634646937
643,25.79,-0.21862462838254196,-0.06496836921512493,-0.17361951812519225,-0.02592543960526077
644,25.83,-0.2136190498884701,0.06630185890773328,-0.13068344564739165,0.07892307864524142
645,25.87,-0.25366367784104493,0.19012217346738847,-0.07823588536996855,0.17398064981746508
646,25.91,-0.318736198263979,0.3061339637709058,-0.01890120453453576,0.2598248287819903
647,25.95,-0.3687919832046975,0.4090908070077584,0.044690784376357824,0.3326267809083849
648,25.99,-0.18859115741811086,0.48538739370542683,0.11018298713378209,0.38101188683478765
649,26.03,-0.10850190151296121,0.520328613467959,0.17562374587651222,0.3925762866412663
650,26.07,0.01663756083883508,0.5107073270050813,0.2394730346817592,0.3651726047158077
651,26.11,0.23187743608392472,0.4678406217057304,0.3005076438130175,0.30955670788875717
652,26.15,0.42709499735272693,0.41150836312570893,0.3576399016975258,0.24387381584200774
653,26.19,0.4521228898230862,0.3604351206201765,0.4096738010834436,0.18516597200873272
654,26.23,0.43710615434087063,0.3238975166454775,0.45506359050794754,0.14201714550486957
655,26.27,0.40707268337643954,0.3008381573623969,0.4917775525150006,0.11393940115929371
656,26.31,0.3820447909060803,0.28676277331933897,0.5173580949301636,0.09757399732595919
657,26.35,0.44711731132901433,0.2798565949029474,0.5291992745525586,0.09201935027812687
658,26.39,0.5472288812104514,0.2821308266732568,0.5249712492342501,0.09970180163088192
659,26.43,0.40707268337643954,0.2973269399511461,0.5030611289838973,0.12437127093415251
660,26.47,0.40707268337643954,0.32835593835977167,0.4629012908987343,0.16871045692077735
661,26.51,0.37703921241200844,0.37570534398549066,0.40510905194495656,0.23286500753510003
662,26.55,0.36702805542386474,0.43699607953803443,0.3314300902987741,0.31406589946772884
663,26.59,0.2769276425305714,0.505116255276981,0.24452959239916214,0.40497191048448333
664,26.63,0.256905328554284,0.5658245547399917,0.14769678021134594,0.4915262079355613
665,26.67,0.30195553500093064,0.6036436896868195,0.044525403235450026,0.5584514621901489
666,26.71,0.357016898435721,0.6119400467554825,-0.0613818012021515,0.5986186860644589
667,26.75,0.39706152638829584,0.5954354005159728,-0.16665149405338853,0.6154441374105251
668,26.79,0.42709499735272693,0.5658098534629861,-0.2683007737100184,0.61886589649283
669,26.83,0.39706152638829584,0.5356661144778858,-0.36381692817113176,0.6197976468153933
670,26.87,0.34200016295350544,0.5139586030224782,-0.4511721190701555,0.6259568577024818
671,26.91,0.27192206403649954,0.4971319104532975,-0.5288044969125867,0.6338396511327229
672,26.95,0.1918328081313499,0.46043457520262926,-0.5955980432156397,0.620895853352839
673,26.99,-0.3045403776547923,0.3732226702329088,-0.6508789142340048,0.5593212922840015
674,27.03,-0.8195042819679148,0.22499797517418504,-0.6944245796923624,0.43945098165337937
675,27.07,-1.313685024373653,0.03130585975274975,-0.7264652032924831,0.2750340176715258
676,27.11,-1.7501364300072588,-0.17719470036938237,-0.7476534768168089,0.09342508179015545
677,27.15,-2.091892301690015,-0.3686747984374529,-0.7589911270508695,-0.07683833587972426
678,27.19,-2.3019914478216927,-0.5191900942482734,-0.7617199014697013,-0.21395641541864013
679,27.23,-2.3209675958927196,-0.616298799641984,-0.7572000597428991,-0.3060106692100008
680,27.27,-2.245883918481642,-0.6591936112857621,-0.7468021316176646,-0.35128815839466077
681,27.31,-2.2008337120349952,-0.6562044551703416,-0.7318276174025982,-0.35635850795508067
682,27.35,-1.9605659443195464,-0.6208128144319391,-0.7134575776110286,-0.3326905775246358
683,27.39,-1.6502200776870917,-0.5673509360649667,-0.692713535388702,-0.29279075654781184
684,27.43,-1.364902103524996,-0.5073274183888278,-0.6704104263753677,-0.24678765782201773
685,27.47,-1.0195171874340383,-0.447159090819359,-0.6470897082577397,-0.20029703647135813
686,27.51,-0.7141768992956553,-0.3879371586776499,-0.6229390238695177,-0.15421002769935288
687,27.55,-0.5840318584497871,-0.32691949564270845,-0.5977242631145581,-0.1060770406830497
688,27.59,-0.4288589251335597,-0.2599681828391647,-0.5707705755092394,-0.05232756186751511
689,27.63,-0.32874735525212273,-0.1839052991995273,-0.5410246136131033,0.009588219078162008
690,27.67,-0.2586692563351168,-0.09781531045243441,-0.5072108496826717,0.0800273080017643
691,27.71,-0.11851305850110493,-0.0029351860898872194,-0.4680662327838482,0.15732663483281242
692,27.75,-0.1535521079596079,0.09826261350142818,-0.42261013952065013,0.23876020499895095
693,27.79,-0.18358557892403898,0.20290278247344107,-0.3703908910923104,0.32141590610183096
694,27.83,-0.1435409509714642,0.30821391988489377,-0.3116519619120844,0.40272052515024837
695,27.87,-0.2036078929003264,0.41198474225080006,-0.24737999055266735,0.4808662372330039
696,27.91,-0.10850190151296121,0.5105730771309916,-0.17922649329189339,0.5529261323879912
697,27.95,-0.11350748000703308,0.5955595863666953,-0.10932549923437673,0.6116830921281139
698,27.99,-0.2136190498884701,0.6571431515672677,-0.040049674304284716,0.6487413154045596
699,28.03,-0.16856884344182343,0.6914977504421589,0.026248543691372514,0.6613136742732052
700,28.07,-0.2336413638647575,0.7030974385144066,0.08747548457300282,0.6542654416115583
701,28.11,-0.34876966922841013,0.7019447895772314,0.141995404369894,0.6374030308094337
702,28.15,-0.5089481810387094,0.6991820917188245,0.18877984321585636,0.6213536870726151
703,28.19,-0.6641211143549368,0.7036323405609392,0.2274943212087456,0.6143785435236203
704,28.23,-0.7141768992956553,0.719338099317246,0.2585050498812512,0.6200920596547375
705,28.27,-0.8192940476711642,0.7448312997610763,0.28279369935502136,0.6367654372420722
706,28.31,-0.894377725082242,0.7757657498147333,0.30178674998010246,0.659843911513402
707,28.35,-0.8042773121889486,0.8087395515689265,0.31712995815224604,0.6856432046643977
708,28.39,-0.6440988003786494,0.8429089380174072,0.3304555318692932,0.7129295115610788
709,28.43,-0.5740207014616434,0.8790990176070683,0.34319013705805534,0.7421131951245447
710,28.47,-0.5339760735090686,0.9183915702596107,0.35643460016459416,0.7739397342858549
711,28.51,-0.5489928089912842,0.9611292718294564,0.3709197126559666,0.8085698904363456
712,28.55,-0.5391818751429032,1.0059278798322102,0.3870201619852097,0.8446841929113857
713,28.59,-0.5143942504402605,1.0497477534919004,0.4047996657672196,0.8795386681821438
714,28.63,-0.481592694568606,1.0894176155651347,0.4240652906538065,0.9103162439541083
715,28.67,-0.4477449727916935,1.122994334876073,0.4444207573414155,0.9353458369379916
716,28.71,-0.41982385595176086,1.1499928860578181,0.4653187621138154,0.9543262416371368
717,28.75,-0.40478709815556724,1.1707256114786997,0.4861161909182472,0.967734609967608
718,28.79,-0.4038310326632005,1.1850723009267283,0.5061338407909601,0.9757164078756768
719,28.83,-0.3888142971809849,1.1910293208076757,0.5247173954253552,0.9767527626213828
720,28.87,0.16680491566099065,1.1846064899835664,0.5412928179287984,0.9674934506548204
721,28.91,0.021643139332906933,1.1620072713649008,0.5554088077105722,0.944649297954366
722,28.95,0.12175470921434398,1.1226125922085595,0.5667604511499178,0.907645304363806
723,28.99,0.14678260168470322,1.0706011067131267,0.5751899400050344,0.8601142022895284
724,29.03,0.25189975006021215,1.0135100360320015,0.5806626984452985,0.8086713484846769
725,29.07,0.12175470921434398,0.9473467024534881,0.583222488052034,0.7492408492101048
726,29.11,-0.12852421548924864,0.8319963806609143,0.5829369749658707,0.6448311008113643
727,29.16,-0.4082559640519601,0.5994137660700366,0.5798521640753983,0.4336843023445659
728,29.2,-0.5565412213603436,0.2040903929693123,0.5739778195817684,0.07508537147890974
729,29.24,-0.831928127790201,-0.3357045011443773,0.5653335523635299,-0.4137172229020225
730,29.28,-1.1657151185103942,-0.9454890340572976,0.5541012720277853,-0.9647593274210073
731,29.32,-1.4891906175327998,-1.52969454155806,0.5409249772750067,-1.4914308753275183
732,29.36,-1.7336630711832697,-2.0044294140327614,0.5273289641554775,-1.918298369203748
733,29.4,-1.8304209034736783,-2.320560956154195,0.5161074771459764,-2.2021842446097475
734,29.44,-1.9805882582958338,-2.4800803854896616,0.5114643105201433,-2.347020365719256
735,29.48,-2.0006105722721212,-2.5363868380282235,0.5187271084229272,-2.4037671724176066
736,29.52,-1.8304209034736783,-2.5719511706883114,0.5436111870826397,-2.4499114765895214
737,29.56,-1.5150694583471516,-2.665018038664146,0.5911671493596335,-2.5592657245969574
738,29.6,-1.2748016906317028,-2.8592727675706855,0.6646332339444769,-2.773937800229364
739,29.64,-0.9344223530348168,-3.1491029238389046,0.7644246257639264,-3.0895945342586133
740,29.68,-0.6140653294142182,-3.4837175717353777,0.8874739231814515,-3.4583496525245856
741,29.72,-0.2036078929003264,-3.788315489706877,1.0271044583515332,-3.8081191517549344
742,29.76,0.2018439651194936,-3.9920032570466017,1.1735400885178158,-4.068789061080778
743,29.8,0.42709499735272693,-4.048613174230465,1.3150161148685935,-4.192130302107783
744,29.84,0.5622456166926669,-3.94509130680838,1.4392984500615384,-4.160275722762283
745,29.88,0.7474520209733254,-3.700653146743941,1.535311447958576,-3.985633632461278
746,29.92,0.7774854919377566,-3.356604639798053,1.59456023459886,-3.7022006844553785
747,29.96,0.932658425253984,-2.959243053472885,1.6121025781437435,-3.350355830878011
748,30.0,1.037775573629493,-2.5467048063838353,1.5869386346581376,-2.9649273556399542
749,30.04,1.1278759865227863,-2.1439327048244343,1.521805985001658,-2.5703619040580645
750,30.08,1.202959663933864,-1.7637588686270738,1.422473009865508,-2.1813008172901074
751,30.12,1.202959663933864,-1.412165359494739,1.2967063260728506,-1.8068865397200413
752,30.16,1.1829373499575766,-1.0937951631934424,1.1531323121964971,-1.4552630014061432
753,30.2,1.1278759865227863,-0.8124229265668774,1.000202589051224,-1.1335600886349084
754,30.24,1.1228704080287144,-0.5685613013894051,0.8454111139942024,-0.8454392474112781
755,30.28,1.102848094052427,-0.3589088023914698,0.6948229386852615,-0.5904684612164749
756,30.32,1.102848094052427,-0.17770062387480864,0.5528964588427777,-0.3652943020804094
757,30.36,1.1128592510405706,-0.018678293321936046,0.4225341793723125,-0.16544070134844588
758,30.4,0.8876082188073373,0.12327319403078693,0.30528309085034167,0.01310923878520397
759,30.44,0.8475635908547625,0.2512280328873934,0.20161282117417423,0.17294238507922985
760,30.48,0.7374408639851817,0.3662418028663958,0.11121460290582752,0.31509068038283045
761,30.52,0.6787654728776704,0.4681775239946556,0.03327935690393045,0.43972185651446816
762,30.56,0.7077677946723244,0.5566761597143287,-0.03327281767921138,0.5470039676984925
763,30.6,0.7757936064067593,0.6316800410344847,-0.08962611014950322,0.6375342930563386
764,30.64,0.8847700558011985,0.6933559770634329,-0.13696697441832067,0.7121772991558759
765,30.68,1.0366092738403732,0.7404050663181373,-0.17643669929685504,0.7703933129703687
766,30.72,1.2332384082445045,0.7663284817775122,-0.20911995208460327,0.8066547854387857
767,30.76,1.4765745955768186,0.7595579325915846,-0.23604681762708332,0.8105464073773372
768,30.8,1.6534617284003306,0.7110273597714866,-0.25818865473125907,0.7738986055091962
769,30.84,1.8837183391276358,0.6200875124537926,-0.27643725647784456,0.6962583493355727
770,30.88,2.0338856939497916,0.49351227452817037,-0.2915687021208423,0.5839574309975702
771,30.92,2.21909209823045,0.34222512863924476,-0.3042017221387013,0.44718726066832337
772,30.96,2.209080941242306,0.17960006629395406,-0.3147607273095232,0.2985227421021444
773,31.0,2.0839414788905097,0.021145121201049014,-0.32344769743016866,0.15259254254545004
774,31.04,1.9588020165387137,-0.11666598097663783,-0.3302224894669032,0.02491604655993299
775,31.08,1.843673711175061,-0.21926738152699296,-0.3347939140418969,-0.07082072962399576
776,31.12,1.713528670329193,-0.2787438161290788,-0.336632170279877,-0.12723022316973553
777,31.16,1.6484561499062589,-0.29773678217358307,-0.33501820168677293,-0.1469027806914226
778,31.2,1.4632497456256004,-0.28582709855529226,-0.3291395773231845,-0.13896576370895572
779,31.24,1.4181995391789537,-0.2518939134758707,-0.3182254045291843,-0.1118323035063459
780,31.28,1.438221853155241,-0.20085656621571474,-0.3016923552564489,-0.0701244539588841
781,31.32,1.3481214402619477,-0.13443000664907626,-0.27926227473596466,-0.015414297404665094
782,31.36,1.373149332732307,-0.05364909180469977,-0.25101819526188957,0.0514112100563288
783,31.4,1.3581325972500915,0.038648438943893526,-0.21738816698382193,0.1278617349450691
784,31.44,1.2930600768271574,0.13791652741209037,-0.17907252326614542,0.2098847713844146
785,31.48,1.1729261929694328,0.23982214736281127,-0.13694575964748734,0.2935818854132696
786,31.52,1.0928369370642832,0.3411934187772265,-0.09196299709142584,0.37610395701247906
787,31.56,1.0628034660998522,0.43294021761018364,-0.04508794866185403,0.44923412219307524
788,31.6,0.997730945676918,0.490342194970284,0.0027549997231257417,0.49054720635780247
789,31.64,0.9176416897717684,0.4853846156378707,0.05070993106564393,0.47465101773352664
790,31.68,0.8325468553725469,0.4094936354698541,0.09800537016534815,0.3938637672532768
791,31.72,0.6573516080800321,0.27770883150193454,0.14395794431191206,0.2619980295678832
792,31.76,0.5522344597045232,0.11940062486615625,0.18796015089991017,0.1058931411332611
793,31.8,0.4871619392815892,-0.033428624983794376,0.2294506733818815,-0.045319386059048665
794,31.84,0.5121898317519484,-0.15503159385915607,0.2678749071291135,-0.16826956008808203
795,31.88,0.6022902446452417,-0.230186465846591,0.30265249206710876,-0.24909030674795424
796,31.92,0.592279087657098,-0.2540825538129568,0.33316916077908376,-0.2832026795051003
797,31.96,0.7324352854911099,-0.22979297465786871,0.35880048660677816,-0.2729960521101926
798,32.0,0.8275412768784751,-0.1652828004092292,0.3789611739427223,-0.2251779899761213
799,32.04,0.8926137973014092,-0.07085748911384479,0.3931634822022492,-0.1485804909654368
800,32.08,0.9476751607361995,0.041499808769754766,0.40106674577413154,-0.053691285743697297
801,32.12,0.9376640037480558,0.154306588815122,0.40250592322444817,0.04358464701789909
802,32.16,0.9226472682658403,0.24201506285669477,0.3974964302393064,0.11935659856570588
803,32.2,0.8926137973014092,0.2815744999384905,0.386220042402086,0.15183547374515705
804,32.24,0.9676974747124869,0.26729598586096776,0.3689970903871589,0.13563145221727155
805,32.28,1.13788714351093,0.21250236979698692,0.34624130770056766,0.08340002707158516
806,32.32,1.2480098703805107,0.14090837837875408,0.3183853024723178,0.0176431512198119
807,32.36,1.303071233815301,0.07617994496047353,0.2857743527801446,-0.039205136556859047
808,32.4,1.4131939606848818,0.03234086176236021,0.24855570691415046,-0.0738371727856844
809,32.44,1.5984003649655403,0.008245571357427275,0.20661616259561105,-0.0872787966100395
810,32.48,1.738556562799552,-0.006327742914737396,0.15961651594666298,-0.0891391852797981
811,32.52,1.9237629670802108,-0.019574673380568577,0.10713532314859973,-0.08714213718869353
812,32.56,2.1239861068430845,-0.0327458913291091,0.048888153692538155,-0.08253775541897868
813,32.6,2.319203668111887,-0.04125318281482766,-0.015042327341827595,-0.07117640306410275
814,32.64,2.4143096594992524,-0.03875397391625003,-0.08403380428608793,-0.04735637606010777
815,32.68,2.494398915404402,-0.020896950426722717,-0.1568578509362537,-0.007372735535790859
816,32.72,2.2991813541355994,0.013125978770882129,-0.23173613514486552,0.049011482968630185
817,32.76,2.2291032552185936,0.061106143114258514,-0.3065035820012791,0.11908689040036412
818,32.81,2.0238745369616478,0.11911360437909617,-0.3788391851180211,0.19845773169382863
819,32.85,1.7485677197876959,0.18245845966004554,-0.4465148538208207,0.2819952280885522
820,32.89,1.5233166875544626,0.24402411576014926,-0.5076162027454064,0.36224365310299395
821,32.93,1.3481214402619477,0.29112761953324595,-0.560703401171955,0.42640245133035193
822,32.97,1.207965242427936,0.3103571512582356,-0.6048991205836304,0.4610617740159819
823,33.01,1.2480098703805107,0.29721098382316363,-0.6399080049368802,0.461566419372325
824,33.05,1.3130823908034448,0.2585152579492777,-0.6659840280142779,0.43434715431393334
825,33.09,1.3130823908034448,0.2077798980921157,-0.6838665955314223,0.39244434459091443
826,33.13,1.308076812309373,0.1575507971651996,-0.6947025873741237,0.34818389968120356
827,33.17,1.2580210273686543,0.1117871262469055,-0.6999622200189641,0.3057903617500206
828,33.21,1.2129708209220076,0.0659483579669026,-0.7013474454196873,0.26129778974247436
829,33.25,1.4282106961670973,0.016060275613047462,-0.7006874743610467,0.2112881120586313
830,33.29,1.54333900153075,-0.034927328311321164,-0.6998174088309201,0.15913498554567573
831,33.33,1.7986235047284143,-0.07841129915605868,-0.7004407715686484,0.11379549564833094
832,33.37,1.9487908595505699,-0.10462382804535539,-0.7039839094863642,0.08543514948315004
833,33.41,2.5644770143214077,-0.10639910710259916,-0.7114593031653984,0.08167567711809351
834,33.45,2.6195383777561982,-0.08089785263289846,-0.7233624722268086,0.1057819962336478
835,33.49,2.6095272207680544,-0.029642960498535355,-0.7396279870290187,0.1565514400571817
836,33.53,2.6395606917324854,0.04253546886721032,-0.7596608369881711,0.22933497104483277
837,33.57,2.589504906791767,0.12863822264113275,-0.7824421204082244,0.31720920765750454
838,33.61,2.4693710229340424,0.21575819904361807,-0.8066893507886842,0.40777591535229823
839,33.65,2.2791590401593123,0.2798474736975803,-0.831039019750646,0.4785891195276418
840,33.69,2.018868958467576,0.29566608271806877,-0.8542157168953283,0.5061905224156674
841,33.73,1.538333423036678,0.2546471030807234,-0.8751542643369034,0.4822396231642184
842,33.77,1.4932832165900314,0.16950596581616803,-0.893043593788201,0.41770621500322563
843,33.81,1.3130823908034448,0.06554331109852755,-0.9072702584727482,0.33504022341792167
844,33.85,1.207965242427936,-0.030737109110862776,-0.9172705179209923,0.2578319109346093
845,33.89,1.0427811521235648,-0.09989335360925271,-0.922348315082701,0.20323974575628914
846,33.93,0.8475635908547625,-0.13741007580951373,-0.9215498938900755,0.1747928186493676
847,33.97,0.6473404510918884,-0.15767868053065207,-0.9136738068746864,0.15878487905900213
848,34.01,0.5422233027163795,-0.18197834848450764,-0.8974392675456312,0.13532356659095346
849,34.05,0.5272065672341639,-0.2200323016872078,-0.8717699744439903,0.09519897802854917
850,34.09,0.4871619392815892,-0.2652410106142768,-0.8361132487452493,0.044290996621330014
851,34.13,0.46713962530530173,-0.3016767156568058,-0.7907161538750447,-0.0027278161003773988
852,34.17,0.4971730962697329,-0.3151076242597991,-0.7368000012476086,-0.03250075439545826
853,34.21,0.5272065672341639,-0.3012232386060131,-0.6765912295830022,-0.04063826869876382
854,34.25,0.6072958231393136,-0.26400148083297886,-0.6131825456612664,-0.03004452916388983
855,34.29,0.5872735091630262,-0.20857971658562968,-0.5502267699236255,-0.004106696251659706
856,34.33,0.5622456166926669,-0.13783004902685148,-0.49150758241632103,0.036355502990621666
857,34.37,0.5522344597045232,-0.053642167271982844,-0.4404694953714506,0.09149892550474101
858,34.41,0.4321005758467988,0.04067068817733114,-0.39980403601715514,0.1598037631425041
859,34.45,0.4020671048823677,0.14042926654011664,-0.3711725803604637,0.23793243106285478
860,34.49,0.4220894188586551,0.24126537127242084,-0.3551064646558185,0.32229799620140054
861,34.53,0.36202247692979284,0.34035455239895357,-0.351078705737218,0.4102801031794378
862,34.57,0.35201131994164914,0.4361528850492991,-0.35770540734315404,0.5000440287060287
863,34.61,0.3720336339179366,0.5275795554246194,-0.3730181577631625,0.5898501184511808
864,34.65,0.29194437801278694,0.6137009437391792,-0.3947510504756298,0.6778684466775932
865,34.69,0.24689417156614027,0.693615936843665,-0.4206000913262147,0.762216827539828
866,34.73,0.13176586620248767,0.7664248098200371,-0.4484303325198067,0.8410697735348693
867,34.77,0.0566821887914099,0.8312915705631301,-0.47642139352283114,0.9128091793544307
868,34.81,0.13677144469655952,0.8876242563042205,-0.5031526503332138,0.9762327907446695
869,34.85,0.13677144469655952,0.9332984825277634,-0.5276352734235382,1.0287852676517752
870,34.89,0.09672681674398471,0.961817818383838,-0.5493007106574982,1.0637235360684436
871,34.93,0.15178818017877507,0.965726322801951,-0.567955779132278,1.0734912332575892
872,34.97,0.27192206403649954,0.9436578139665447,-0.5837149142507286,1.0567024040544317
873,35.01,0.35201131994164914,0.9020194513114708,-0.5969213111352923,1.0197918370600485
874,35.05,0.3720336339179366,0.8515532824234882,-0.608069424937597,0.97358675711724
875,35.09,0.36702805542386474,0.8032454835514934,-0.6177386116918316,0.9291953386654751
876,35.13,0.33198900596536174,0.7656792299149098,-0.6265409540531647,0.8953181047718386
877,35.17,0.36702805542386474,0.7437568666850031,-0.6350791840765126,0.8769601460156683
878,35.21,0.41708384036458324,0.7380914681923241,-0.6439076765031981,0.8748295665621065
879,35.25,0.39706152638829584,0.7441192460258612,-0.6534921179181098,0.8844674307229967
880,35.29,0.42709499735272693,0.753421840074173,-0.6641693759054081,0.8975538861708879
881,35.33,0.5322121457282358,0.7585622223732482,-0.6761147488071456,0.9066942404474612
882,35.37,0.6022902446452417,0.7567287135128967,-0.6893264798793698,0.9090457350578465
883,35.41,0.6673627650681758,0.7495413115133569,-0.703635835375486,0.9061499575966815
884,35.45,0.6173069801274573,0.7409920736797477,-0.7187450230428832,0.9018964538043654
885,35.49,0.5322121457282358,0.7353213758928185,-0.7342863800059581,0.900426895563763
886,35.53,0.41708384036458324,0.734455818402728,-0.7498883944880892,0.9036436270145676
887,35.57,0.3470057414475773,0.7358200539567418,-0.7652314612930978,0.9090781062870632
888,35.61,0.392055947894224,0.7345746075709586,-0.7800803949889724,0.9120330503807341
889,35.65,0.3369945844594336,0.728408443561364,-0.7942893385536792,0.9102111405029905
890,35.69,0.4220894188586551,0.7189762217398242,-0.8077833581020085,0.9051283513972659
891,35.73,0.36702805542386474,0.7103578261012042,-0.8205264002247876,0.9006428171863271
892,35.77,0.35201131994164914,0.7067131241134806,-0.8324869561693184,0.9006913577846141
893,35.81,0.36202247692979284,0.7104026290272433,-0.8436117117785492,0.9074708974765825
894,35.85,0.44711731132901433,0.7213627667687695,-0.853814239542714,0.920853502905319
895,35.89,0.4321005758467988,0.7376240665672689,-0.8629809351920779,0.9389175354628589
896,35.93,0.47715078229344543,0.7564442199536646,-0.8709913336253722,0.9590519122852662
897,35.97,0.5672511951867388,0.775235646906692,-0.8777463338937301,0.9788349537324812
898,36.01,0.5472288812104514,0.7919208762722376,-0.883196482851912,0.9963465692481345
899,36.05,0.5222009887400921,0.8054233015717874,-0.8873630794956654,1.0106141793542394
900,36.09,0.5272065672341639,0.8161857223252055,-0.8903469624500012,1.0220979427864498
901,36.13,0.5272065672341639,0.8254318678116468,-0.8923230122829303,1.0319955621889858
902,36.17,0.4971730962697329,0.8323544406790873,-0.8935219464238812,1.0395799762438387
903,36.21,0.5222009887400921,0.8320814219536163,-0.8942037740971465,1.0402429839053702
904,36.25,0.5222009887400921,0.8195322142344748,-0.8946281547466858,1.029155251244306
905,36.29,0.5322121457282358,0.794560497267201,-0.8950249177688255,1.0061740990981913
906,36.33,0.5472288812104514,0.7624279555574036,-0.8955636943077795,0.9763050474715792
907,36.37,0.4421117328349425,0.7310937391837956,-0.8963192440694397,0.9471174048518209
908,36.41,0.27192206403649954,0.7079914527878266,-0.8972336330740697,0.9256544935002613
909,36.46,0.06168776728548175,0.6978836656469625,-0.8980863426753897,0.9163717890345121
910,36.5,-0.04342938109002714,0.7024341835087023,-0.8984901306204497,0.9207285065431744
911,36.54,-0.11851305850110493,0.7207003889865029,-0.8979267484587813,0.9376676423805075
912,36.58,-0.23864694235882936,0.7473027613340778,-0.8958230596869766,0.9618519539558619
913,36.62,-0.2686804133232605,0.7697188316392606,-0.8916521783877972,0.981097699627387
914,36.66,-0.3137306197699071,0.7729489989011554,-0.8850345842766294,0.9809556043281942
915,36.7,-0.22863578537068566,0.7485919694581356,-0.8758159880532357,0.9534458270690159
916,36.74,-0.10349632301888936,0.6995630469671347,-0.8641113142501381,0.9015420280666198
917,36.78,0.01663756083883508,0.6373162574103994,-0.8503188546542122,0.8364654277318962
918,36.82,0.08171008126176915,0.574017541474656,-0.8351134004632532,0.7701446961991808
919,36.86,0.13176586620248767,0.5151629778857258,-0.8194190152921083,0.7081147228582411
920,36.9,0.24188859307206842,0.46081167280972496,-0.8043514493976481,0.6507156815584788
921,36.94,0.5021786747638047,0.41164791077196566,-0.7911196862416005,0.5989140702930348
922,36.98,0.6022902446452417,0.370819151485809,-0.7808884527014155,0.5560287611481113
923,37.02,0.7474520209733254,0.3417505159750993,-0.7746212137343002,0.5256546377365041
924,37.06,0.8525691693488343,0.325528099248382,-0.7729362100921408,0.5091475874322732
925,37.1,0.9877197886887743,0.31971691863456736,-0.7760097874263652,0.504381808926109
926,37.14,1.0628034660998522,0.31531492366883196,-0.7835503894998498,0.5029065263949936
927,37.18,1.1128592510405706,0.293780738867186,-0.794847440192816,0.487373368988171
928,37.22,1.1078536725464987,0.2362798105207224,-0.8088793266823907,0.44016823534751487
929,37.26,1.1178648295346425,0.13712863531845865,-0.8244501721520869,0.3556962844221953
930,37.3,1.1478983004990737,0.005148938066454395,-0.840318966161891,0.24154189539325677
931,37.34,1.7535732982817678,-0.14178961687135674,-0.8552884533399119,0.11351397208254561
932,37.38,1.7585788767758395,-0.28245092550238354,-0.8682359550822527,-0.009459993230175847
933,37.42,1.7335509843054804,-0.39769943551428805,-0.8780904291827141,-0.1103370988829674
934,37.46,1.7035175133410492,-0.47443827969176466,-0.8837813177747615,-0.177622137749071
935,37.5,1.5783780509892529,-0.5074622516948928,-0.8841975234166444,-0.20708896231801446
936,37.54,1.27303776285087,-0.5049285994111584,-0.8781946461592827,-0.20697647132417604
937,37.58,1.167920614475361,-0.49466486549620425,-0.8646739989986919,-0.2039871261055555
938,37.62,1.0077421026650617,-0.5104565803575153,-0.8427305558612671,-0.2301641129599777
939,37.66,0.7824910704318284,-0.5676773086523997,-0.8118342014642631,-0.2996455132969226
940,37.7,0.7574631779614691,-0.6567087922621169,-0.7719782078914318,-0.4024969960477228
941,37.74,0.7474520209733254,-0.7527729075219043,-0.7237199568364527,-0.5142346541172279
942,37.78,0.7224241285029662,-0.8326612442615327,-0.6680725151755427,-0.6118036456548053
943,37.82,0.6773739220563195,-0.8915511915863167,-0.6062749353784644,-0.6894063056035111
944,37.86,0.5422233027163795,-0.9441456139734015,-0.5395323497002165,-0.7596108767899454
945,37.9,0.39706152638829584,-1.0059842821263552,-0.4688311451994261,-0.8362553125930852
946,37.94,0.38705036940015214,-1.0775452669391778,-0.39489098033907766,-0.920001381952762
947,37.98,0.7824910704318284,-1.1445564137497979,-0.31824274424776605,-0.9985474530945719
948,38.02,0.7524575994673973,-1.1871150487425541,-0.23936344731394946,-1.05472203026429
949,38.06,0.727429706997038,-1.1886092373073534,-0.15878568202978494,-1.074323833874013
950,38.1,0.762468756455541,-1.1405968210528479,-0.07712972236814065,-1.0503601731452528
951,38.14,0.8775970618191936,-1.0440360943449256,0.004945735218059435,-0.9841048324325354
952,38.18,0.9426695822421277,-0.9169180099687649,0.08684153112676546,-0.8924745158867725
953,38.22,0.7029474225825323,-0.8041981037778635,0.16811979350940642,-0.8176930650749287
954,38.26,0.41849541349991226,-0.7571004194119312,0.24857462575133102,-0.8078292306785362
955,38.3,0.16112858964871307,-0.7965629781501347,0.32826642538783973,-0.8822010626458104
956,38.34,-0.054426637041503585,-0.9037697564770223,0.40756019911856334,-1.0224020260167836
957,38.38,-0.21343384348419042,-1.035371953604917,0.48723805271964205,-1.1867932832687913
958,38.42,-0.3011666177497857,-1.1456086302885187,0.5687166533292668,-1.3316715902888108
959,38.46,-0.3888142971809849,-1.2061296122944631,0.6542901936345434,-1.430325427904843
960,38.5,-0.5039426025446375,-1.2191665995951109,0.7472204663148877,-1.485720400063646
961,38.54,-0.6390932218845775,-1.2177649978052625,0.8514998427498174,-1.5304711031311757
962,38.58,-0.6791378498371523,-1.251254876119167,0.9712306876823602,-1.6121413432003717
963,38.62,-0.5289704950149968,-1.3613729022381893,1.1097201754127823,-1.7701528593597908
964,38.66,-0.3337529337461946,-1.560281607522918,1.2684934106411994,-2.0154693161747876
965,38.7,-0.03341822410188344,-1.825428947877638,1.4464467739383222,-2.3262690102535006
966,38.74,0.2769276425305714,-2.1134798180422556,1.6393250627176066,-2.661116030793489
967,38.78,0.5722567736808106,-2.3752594047016355,1.8396517322362371,-2.972526169501412
968,38.82,0.9276528467599121,-2.5643636607772655,2.0371827628500863,-3.21445234591553
969,38.86,1.27303776285087,-2.645816181252731,2.219874245857578,-3.35040104799192
970,38.9,1.473260902613744,-2.6028172439406325,2.375245767915614,-3.3603128226985257
971,38.94,1.5233166875544626,-2.4384389399721855,2.4919170211779367,-3.242923587254826
972,38.98,1.568366894001109,-2.1721987343430813,2.5610404528465582,-3.013265053643078
973,39.02,1.4832720596018878,-1.8335332577339811,2.577373095399268,-2.697018135320751
974,39.06,1.4432274316493128,-1.4549050303992315,2.5398159499809223,-2.32423420307305
975,39.1,1.3280991262856603,-1.0663782751350577,2.451367217204582,-1.9241788639799957
976,39.14,1.1529038789931454,-0.6923641130006726,2.3185506572720267,-1.5220268584560608
977,39.18,1.0177532596532055,-0.35029441684739465,2.1504656468005225,-1.1372852886637825
978,39.22,1.1478983004990737,-0.050283386725148,1.957647701210615,-0.7831397734232187
979,39.26,0.9877197886887743,0.2041460615857209,1.7509269439629753,-0.46678034117011585
980,39.3,1.0427811521235648,0.414209663378398,1.5404368438224956,-0.19074291965514314
981,39.34,1.00273652417099,0.5837041518561702,1.3348716949116044,0.04536750148875278
982,39.38,1.0077421026650617,0.7173078939981372,1.1410344446235108,0.24343590670118836
983,39.42,1.0828257800761396,0.8134039679358239,0.9636681351726163,0.4003814691119662
984,39.46,1.1078536725464987,0.8549729174558138,0.8055295718594713,0.4998755092395155
985,39.5,1.202959663933864,0.8214140534581055,0.6676436354977213,0.5229766381664562
986,39.54,1.3431158617678758,0.7108539888250566,0.5496724117328262,0.46826240735797914
987,39.58,1.4332162746611692,0.5454253590860018,0.4503458183655061,0.356440977674339
988,39.62,1.6134171004477558,0.3608573024624681,0.3679177726966464,0.2206952793596678
989,39.66,1.5833836294833248,0.1926589961216032,0.3006120716948901,0.09394703898919293
990,39.7,1.5082999520722469,0.06664802887560742,0.24700070960857456,0.00011843011093119543
991,39.74,1.3581325972500915,-0.004095246811421079,0.2062403093709984,-0.0486736239969444
992,39.78,1.2229819779101514,-0.017567563834310556,0.17810971227332198,-0.0505702980639454
993,39.82,1.0127476811591336,0.02053987147752953,0.16284592860388974,-0.010803813594978546
994,39.86,0.997730945676918,0.10014513377372082,0.1608394296048031,0.061419871729999846
995,39.9,0.9576863177243432,0.20931283124250527,0.17228982633077858,0.15529868285145032
996,39.94,0.9727030532065588,0.3358646345725957,0.1969225928868226,0.2599653783724774
997,39.98,0.9026249542895529,0.46795526874867116,0.23383267781955064,0.3651018885302838
998,40.02,0.8425580123606906,0.5940172291291954,0.28147196734141816,0.460889301851294
